day,nyc_holdover_filings,nyc_holdover_res_filings,nyc_nonpay_filings,nyc_nonpay_res_filings,outside_nyc_holdover_filings,outside_nyc_nonpay_filings,total_filings
2019-01-01,0,0,0,0,0,0,0
2019-01-02,121,114,535,522,54,450,1160
2019-01-03,224,210,995,944,51,371,1641
2019-01-04,160,152,665,639,66,291,1182
2019-01-05,0,0,0,0,0,0,0
2019-01-06,0,0,0,0,0,0,0
2019-01-07,230,213,1249,1209,75,320,1874
2019-01-08,107,102,911,888,64,325,1407
2019-01-09,157,151,717,690,54,325,1253
2019-01-10,175,167,1489,1460,53,271,1988
2019-01-11,146,119,687,660,37,208,1078
2019-01-12,0,0,0,0,0,0,0
2019-01-13,0,0,0,0,0,0,0
2019-01-14,153,148,1013,968,35,275,1476
2019-01-15,112,111,785,771,41,286,1224
2019-01-16,104,97,704,671,52,267,1127
2019-01-17,110,99,824,788,27,163,1124
2019-01-18,112,101,844,818,52,346,1354
2019-01-19,0,0,0,0,0,0,0
2019-01-20,0,0,0,0,0,0,0
2019-01-21,0,0,4,4,0,0,4
2019-01-22,115,113,998,965,38,243,1394
2019-01-23,99,91,413,387,38,472,1022
2019-01-24,96,90,1122,1091,12,414,1644
2019-01-25,61,59,1032,1007,38,663,1794
2019-01-26,0,0,0,0,0,0,0
2019-01-27,0,0,0,0,0,0,0
2019-01-28,85,78,1040,998,24,388,1537
2019-01-29,68,66,716,697,40,539,1363
2019-01-30,71,66,688,638,36,215,1010
2019-01-31,78,71,817,787,29,139,1063
2019-02-01,127,117,759,738,55,129,1070
2019-02-02,0,0,0,0,0,0,0
2019-02-03,0,0,0,0,0,0,0
2019-02-04,131,124,777,754,44,162,1114
2019-02-05,151,147,825,793,82,283,1341
2019-02-06,155,146,632,600,57,186,1030
2019-02-07,195,181,1198,1167,40,175,1608
2019-02-08,130,113,529,500,34,237,930
2019-02-09,0,0,0,0,0,0,0
2019-02-10,5,0,0,0,0,0,5
2019-02-11,187,170,1027,998,44,390,1648
2019-02-12,0,0,1,1,0,2,3
2019-02-13,146,136,1283,1240,50,389,1868
2019-02-14,163,146,1519,1469,43,240,1965
2019-02-15,86,83,589,551,34,250,959
2019-02-16,1,0,8,0,0,0,9
2019-02-17,0,0,0,0,0,0,0
2019-02-18,0,0,30,15,0,0,30
2019-02-19,109,105,846,818,41,306,1302
2019-02-20,100,92,840,789,33,365,1338
2019-02-21,118,117,895,870,34,384,1431
2019-02-22,82,79,818,776,45,298,1243
2019-02-23,0,0,0,0,0,0,0
2019-02-24,0,0,0,0,0,0,0
2019-02-25,86,85,884,846,28,271,1269
2019-02-26,66,60,523,508,41,539,1169
2019-02-27,103,96,625,585,25,166,919
2019-02-28,101,93,977,945,29,230,1337
2019-03-01,167,163,882,843,75,292,1416
2019-03-02,0,0,0,0,0,0,0
2019-03-03,0,0,0,0,0,0,0
2019-03-04,163,155,771,745,64,461,1459
2019-03-05,151,141,441,419,38,199,829
2019-03-06,172,165,543,517,67,188,970
2019-03-07,234,219,1012,962,43,163,1452
2019-03-08,126,122,713,679,61,184,1084
2019-03-09,0,0,0,0,0,0,0
2019-03-10,0,0,0,0,2,0,2
2019-03-11,178,163,952,924,45,217,1392
2019-03-12,111,106,807,775,50,214,1182
2019-03-13,103,86,739,702,49,263,1154
2019-03-14,113,108,675,651,35,161,984
2019-03-15,102,90,649,620,46,178,975
2019-03-16,0,0,0,0,0,0,0
2019-03-17,0,0,0,0,0,0,0
2019-03-18,98,94,879,821,36,190,1203
2019-03-19,90,85,647,621,23,214,974
2019-03-20,103,96,860,828,26,264,1253
2019-03-21,72,66,618,600,25,330,1045
2019-03-22,85,73,606,571,26,192,909
2019-03-23,0,0,0,0,0,0,0
2019-03-24,0,0,0,0,0,0,0
2019-03-25,76,72,704,688,25,226,1031
2019-03-26,69,67,603,573,47,574,1293
2019-03-27,105,99,617,596,22,210,954
2019-03-28,103,101,628,571,23,146,900
2019-03-29,67,64,440,415,35,393,935
2019-03-30,0,0,0,0,0,0,0
2019-03-31,0,0,0,0,0,0,0
2019-04-01,153,150,708,675,68,110,1039
2019-04-02,177,169,660,626,74,127,1038
2019-04-03,157,142,557,533,95,137,946
2019-04-04,235,223,1358,1320,64,220,1877
2019-04-05,129,124,623,601,54,169,975
2019-04-06,0,0,0,0,0,0,0
2019-04-07,0,0,0,0,0,0,0
2019-04-08,137,129,760,728,50,216,1163
2019-04-09,158,148,454,421,50,188,850
2019-04-10,103,98,800,769,54,281,1238
2019-04-11,113,104,825,798,36,195,1169
2019-04-12,101,91,625,599,40,184,950
2019-04-13,0,0,0,0,0,0,0
2019-04-14,0,0,0,0,0,0,0
2019-04-15,102,97,694,675,34,127,957
2019-04-16,73,70,524,509,33,290,920
2019-04-17,112,104,852,813,29,198,1191
2019-04-18,100,99,828,790,31,201,1160
2019-04-19,83,74,435,424,18,175,711
2019-04-20,0,0,0,0,0,0,0
2019-04-21,0,0,0,0,0,0,0
2019-04-22,110,106,727,698,9,143,989
2019-04-23,57,51,443,392,30,323,853
2019-04-24,82,78,928,891,31,342,1383
2019-04-25,112,105,675,647,23,481,1291
2019-04-26,63,60,418,408,23,359,863
2019-04-27,0,0,0,0,0,0,0
2019-04-28,0,0,0,0,0,0,0
2019-04-29,49,43,827,781,20,156,1052
2019-04-30,36,35,510,490,36,433,1015
2019-05-01,185,177,463,436,64,251,963
2019-05-02,209,205,821,788,75,147,1252
2019-05-03,187,178,490,471,90,214,981
2019-05-04,0,0,0,0,0,0,0
2019-05-05,0,0,0,0,0,0,0
2019-05-06,195,185,1092,1049,55,253,1595
2019-05-07,179,171,722,705,60,257,1218
2019-05-08,110,101,742,701,57,247,1156
2019-05-09,179,169,942,908,43,155,1319
2019-05-10,141,125,734,706,49,200,1124
2019-05-11,0,0,0,0,0,0,0
2019-05-12,0,0,0,0,0,0,0
2019-05-13,85,77,638,611,32,169,924
2019-05-14,71,63,515,500,36,224,846
2019-05-15,123,116,823,806,26,201,1173
2019-05-16,150,144,1003,977,42,207,1402
2019-05-17,129,124,676,659,28,201,1034
2019-05-18,0,0,0,0,0,0,0
2019-05-19,0,0,0,0,1,0,1
2019-05-20,119,114,626,582,20,221,986
2019-05-21,94,87,653,632,40,348,1135
2019-05-22,102,84,653,629,22,364,1141
2019-05-23,85,80,1047,1020,30,285,1447
2019-05-24,76,73,529,507,67,686,1358
2019-05-25,0,0,0,0,0,0,0
2019-05-26,0,0,0,0,0,0,0
2019-05-27,0,0,0,0,0,0,0
2019-05-28,70,66,755,712,35,411,1271
2019-05-29,66,59,196,185,21,236,519
2019-05-30,87,81,600,572,14,211,912
2019-05-31,80,77,707,689,29,383,1199
2019-06-01,0,0,0,0,0,0,0
2019-06-02,0,0,0,0,0,0,0
2019-06-03,179,171,580,543,83,215,1057
2019-06-04,142,134,462,446,108,275,987
2019-06-05,178,169,605,583,77,249,1109
2019-06-06,273,254,820,794,76,279,1448
2019-06-07,169,161,744,703,49,252,1214
2019-06-08,0,0,0,0,0,0,0
2019-06-09,0,0,0,0,0,0,0
2019-06-10,184,170,872,841,64,260,1380
2019-06-11,133,126,578,564,39,193,943
2019-06-12,119,109,795,780,54,307,1275
2019-06-13,177,167,1020,996,42,217,1456
2019-06-14,92,86,560,545,51,260,963
2019-06-15,0,0,0,0,0,0,0
2019-06-16,0,0,0,0,0,0,0
2019-06-17,95,93,891,862,26,255,1267
2019-06-18,115,113,374,368,24,162,675
2019-06-19,63,56,714,705,29,172,978
2019-06-20,75,71,232,221,16,97,420
2019-06-21,59,56,342,326,33,73,507
2019-06-22,0,0,0,0,0,0,0
2019-06-23,0,0,0,0,0,0,0
2019-06-24,86,84,170,158,23,161,440
2019-06-25,70,68,150,139,24,182,426
2019-06-26,80,77,120,113,25,236,461
2019-06-27,117,110,449,430,17,147,730
2019-06-28,72,68,111,93,50,350,583
2019-06-29,0,0,0,0,0,0,0
2019-06-30,0,0,0,0,0,0,0
2019-07-01,116,103,230,221,55,122,523
2019-07-02,113,108,367,358,62,117,659
2019-07-03,195,179,250,235,79,289,813
2019-07-04,0,0,0,0,0,0,0
2019-07-05,157,147,86,79,30,39,312
2019-07-06,0,0,0,0,0,0,0
2019-07-07,0,0,0,0,0,0,0
2019-07-08,111,107,127,122,43,58,339
2019-07-09,173,167,115,96,84,64,436
2019-07-10,114,109,217,209,77,68,476
2019-07-11,120,114,172,161,42,72,406
2019-07-12,144,126,275,261,51,71,541
2019-07-13,0,0,0,0,0,0,0
2019-07-14,0,0,0,0,0,0,0
2019-07-15,160,152,138,130,30,67,395
2019-07-16,98,91,336,323,35,71,540
2019-07-17,113,109,286,268,49,109,557
2019-07-18,133,122,243,226,29,163,568
2019-07-19,67,64,185,167,32,126,410
2019-07-20,0,0,0,0,0,0,0
2019-07-21,0,0,0,0,0,0,0
2019-07-22,82,80,176,166,29,89,376
2019-07-23,60,56,203,193,24,110,397
2019-07-24,109,107,181,175,27,189,506
2019-07-25,141,139,351,339,23,178,693
2019-07-26,87,85,217,202,19,370,693
2019-07-27,0,0,0,0,0,0,0
2019-07-28,0,0,0,0,0,0,0
2019-07-29,122,120,245,225,40,150,557
2019-07-30,61,55,230,211,31,186,508
2019-07-31,67,61,183,169,20,148,418
2019-08-01,115,111,236,223,105,555,1011
2019-08-02,178,167,245,222,79,242,744
2019-08-03,0,0,0,0,0,0,0
2019-08-04,0,0,0,0,0,0,0
2019-08-05,264,229,222,199,58,148,692
2019-08-06,99,88,366,348,66,130,661
2019-08-07,139,136,208,191,64,154,565
2019-08-08,166,155,684,666,46,204,1100
2019-08-09,113,111,188,171,59,201,561
2019-08-10,0,0,0,0,0,0,0
2019-08-11,0,0,0,0,0,0,0
2019-08-12,115,104,905,869,44,161,1225
2019-08-13,115,109,369,351,35,229,748
2019-08-14,84,79,785,729,28,97,994
2019-08-15,106,94,605,575,58,243,1012
2019-08-16,132,130,443,422,30,154,759
2019-08-17,0,0,0,0,0,0,0
2019-08-18,0,0,0,0,0,0,0
2019-08-19,90,87,609,591,25,151,875
2019-08-20,77,71,399,384,30,174,680
2019-08-21,64,59,474,443,32,304,874
2019-08-22,82,79,725,704,36,137,980
2019-08-23,78,78,358,323,27,290,753
2019-08-24,0,0,0,0,0,0,0
2019-08-25,0,0,0,0,0,0,0
2019-08-26,75,70,716,688,29,598,1418
2019-08-27,90,85,256,250,27,303,676
2019-08-28,58,54,329,306,19,217,623
2019-08-29,93,88,606,585,29,226,954
2019-08-30,43,40,230,207,30,235,538
2019-08-31,0,0,0,0,0,0,0
2019-09-01,0,0,2,2,0,0,2
2019-09-02,0,0,0,0,1,0,1
2019-09-03,108,105,418,400,95,208,829
2019-09-04,152,139,428,412,105,309,994
2019-09-05,186,175,506,490,72,174,938
2019-09-06,166,160,522,501,80,175,943
2019-09-07,0,0,0,0,0,0,0
2019-09-08,0,0,0,0,0,0,0
2019-09-09,132,123,772,745,94,245,1243
2019-09-10,140,137,454,438,73,179,846
2019-09-11,138,124,399,364,50,165,752
2019-09-12,158,146,531,506,47,178,914
2019-09-13,140,131,559,542,47,154,900
2019-09-14,0,0,0,0,0,0,0
2019-09-15,0,0,0,0,0,0,0
2019-09-16,107,98,727,710,35,147,1016
2019-09-17,92,91,452,436,30,147,721
2019-09-18,102,96,547,533,28,304,981
2019-09-19,105,97,465,446,32,136,738
2019-09-20,93,90,478,465,37,428,1036
2019-09-21,0,0,0,0,0,0,0
2019-09-22,0,0,0,0,0,0,0
2019-09-23,83,81,596,578,19,157,855
2019-09-24,89,86,520,487,23,176,808
2019-09-25,94,92,820,790,20,252,1186
2019-09-26,90,87,494,484,21,231,836
2019-09-27,55,54,587,569,28,268,938
2019-09-28,0,0,0,0,0,0,0
2019-09-29,0,0,0,0,0,0,0
2019-09-30,54,53,496,471,10,226,786
2019-10-01,176,169,138,126,75,198,587
2019-10-02,244,225,570,546,95,248,1157
2019-10-03,194,187,509,484,87,177,967
2019-10-04,205,199,253,224,70,250,778
2019-10-05,0,0,0,0,0,0,0
2019-10-06,0,0,0,0,0,0,0
2019-10-07,202,187,845,827,103,208,1358
2019-10-08,109,103,334,318,53,352,848
2019-10-09,116,102,497,481,66,299,978
2019-10-10,143,134,491,459,54,186,874
2019-10-11,142,133,443,409,39,167,791
2019-10-12,0,0,0,0,0,0,0
2019-10-13,0,0,0,0,0,0,0
2019-10-14,0,0,0,0,0,0,0
2019-10-15,110,103,1132,1087,44,206,1492
2019-10-16,64,59,391,367,28,161,644
2019-10-17,139,132,504,487,42,265,950
2019-10-18,90,83,421,390,23,191,725
2019-10-19,0,0,0,0,0,0,0
2019-10-20,0,0,0,0,0,0,0
2019-10-21,95,90,732,687,42,486,1355
2019-10-22,103,98,439,396,18,178,738
2019-10-23,33,27,633,602,22,253,941
2019-10-24,101,97,796,761,26,229,1152
2019-10-25,80,74,472,450,21,234,807
2019-10-26,0,0,0,0,0,0,0
2019-10-27,0,0,0,0,0,0,0
2019-10-28,73,68,665,621,21,222,981
2019-10-29,102,100,425,405,20,255,802
2019-10-30,64,62,402,379,25,325,816
2019-10-31,73,71,763,711,29,118,983
2019-11-01,92,83,486,465,69,235,882
2019-11-02,0,0,0,0,0,0,0
2019-11-03,0,0,0,0,0,0,0
2019-11-04,122,119,811,782,104,348,1385
2019-11-05,0,0,0,0,0,0,0
2019-11-06,174,161,620,586,131,271,1196
2019-11-07,167,148,800,773,51,189,1207
2019-11-08,124,117,602,583,56,206,988
2019-11-09,0,0,0,0,0,0,0
2019-11-10,0,0,0,0,0,0,0
2019-11-11,0,0,2,2,0,0,2
2019-11-12,114,101,901,877,44,201,1260
2019-11-13,79,71,786,754,56,192,1113
2019-11-14,75,70,717,686,16,122,930
2019-11-15,62,56,415,380,31,186,694
2019-11-16,0,0,0,0,0,2,2
2019-11-17,0,0,0,0,0,0,0
2019-11-18,70,66,564,544,39,197,870
2019-11-19,75,74,546,520,34,186,841
2019-11-20,69,67,850,809,43,430,1392
2019-11-21,62,58,1169,1121,13,138,1382
2019-11-22,135,131,589,566,29,419,1172
2019-11-23,0,0,0,0,0,0,0
2019-11-24,0,0,0,0,0,0,0
2019-11-25,63,57,603,566,29,267,962
2019-11-26,53,49,460,449,21,252,786
2019-11-27,53,48,528,505,16,240,837
2019-11-28,0,0,0,0,0,0,0
2019-11-29,24,22,367,358,9,62,462
2019-11-30,0,0,0,0,0,0,0
2019-12-01,0,0,0,0,0,0,0
2019-12-02,96,88,520,496,33,169,818
2019-12-03,96,94,455,426,70,286,907
2019-12-04,119,111,443,422,60,308,930
2019-12-05,111,104,1034,1013,42,178,1365
2019-12-06,129,119,393,369,46,228,796
2019-12-07,0,0,0,0,0,0,0
2019-12-08,0,0,0,0,0,0,0
2019-12-09,116,104,1050,1010,35,153,1354
2019-12-10,71,68,350,328,20,106,547
2019-12-11,92,86,957,903,18,97,1164
2019-12-12,86,77,853,805,36,161,1136
2019-12-13,28,25,638,622,29,212,907
2019-12-14,0,0,0,0,0,0,0
2019-12-15,0,0,0,0,0,0,0
2019-12-16,67,63,986,960,28,142,1223
2019-12-17,72,70,327,314,33,158,590
2019-12-18,54,51,687,646,26,143,910
2019-12-19,85,84,626,612,18,142,871
2019-12-20,82,77,638,626,29,168,917
2019-12-21,0,0,0,0,0,0,0
2019-12-22,0,0,0,0,0,0,0
2019-12-23,63,61,497,465,29,280,869
2019-12-24,50,48,369,362,12,241,672
2019-12-25,0,0,0,0,0,0,0
2019-12-26,42,39,445,423,14,90,591
2019-12-27,44,43,201,192,22,243,510
2019-12-28,0,0,0,0,0,0,0
2019-12-29,0,0,0,0,0,0,0
2019-12-30,48,45,531,507,28,523,1130
2019-12-31,42,41,483,470,24,119,668
2020-01-01,0,0,0,0,0,0,0
2020-01-02,104,98,612,583,78,379,1173
2020-01-03,93,85,328,306,64,237,722
2020-01-04,0,0,0,0,0,0,0
2020-01-05,0,0,0,0,0,0,0
2020-01-06,133,124,680,661,48,326,1187
2020-01-07,78,68,475,444,64,328,945
2020-01-08,134,126,631,600,52,283,1100
2020-01-09,112,103,941,899,38,295,1386
2020-01-10,102,91,502,485,55,254,913
2020-01-11,0,0,0,0,0,0,0
2020-01-12,0,0,0,0,0,0,0
2020-01-13,159,143,881,845,45,240,1325
2020-01-14,81,73,549,531,28,235,893
2020-01-15,69,64,948,907,22,229,1268
2020-01-16,107,101,662,626,22,168,959
2020-01-17,78,73,422,405,29,164,693
2020-01-18,0,0,0,0,0,0,0
2020-01-19,0,0,0,0,0,0,0
2020-01-20,0,0,0,0,0,0,0
2020-01-21,77,68,773,752,30,242,1122
2020-01-22,134,129,826,805,26,204,1190
2020-01-23,78,72,871,852,22,296,1267
2020-01-24,52,49,566,543,38,552,1208
2020-01-25,0,0,1,1,0,0,1
2020-01-26,0,0,0,0,0,0,0
2020-01-27,54,49,468,442,34,227,783
2020-01-28,57,53,300,281,24,245,626
2020-01-29,54,51,595,559,22,242,913
2020-01-30,92,82,662,642,24,213,991
2020-01-31,57,53,659,640,10,225,951
2020-02-01,0,0,0,0,0,0,0
2020-02-02,0,0,0,0,0,0,0
2020-02-03,124,116,713,687,65,493,1395
2020-02-04,92,84,597,579,50,249,988
2020-02-05,116,103,411,392,54,236,817
2020-02-06,164,150,855,830,53,218,1290
2020-02-07,117,107,676,646,63,215,1071
2020-02-08,0,0,0,0,0,0,0
2020-02-09,0,0,0,0,0,0,0
2020-02-10,129,125,613,583,28,177,947
2020-02-11,71,65,258,239,33,283,645
2020-02-12,0,0,0,0,0,0,0
2020-02-13,129,121,1086,1027,62,433,1710
2020-02-14,109,97,869,839,36,174,1188
2020-02-15,0,0,0,0,0,0,0
2020-02-16,0,0,0,0,0,0,0
2020-02-17,0,0,0,0,0,0,0
2020-02-18,119,113,898,866,36,210,1263
2020-02-19,113,107,401,362,33,208,755
2020-02-20,74,71,1102,1062,33,240,1449
2020-02-21,79,74,573,539,16,258,926
2020-02-22,0,0,0,0,0,0,0
2020-02-23,0,0,0,0,0,0,0
2020-02-24,126,122,693,669,14,461,1294
2020-02-25,72,69,517,497,28,187,804
2020-02-26,83,75,635,587,32,320,1070
2020-02-27,66,61,788,752,29,254,1137
2020-02-28,52,51,449,442,28,235,764
2020-02-29,0,0,0,0,0,0,0
2020-03-01,0,0,0,0,0,0,0
2020-03-02,118,110,497,471,95,426,1136
2020-03-03,118,114,550,523,48,239,955
2020-03-04,137,116,841,806,61,155,1194
2020-03-05,145,137,681,667,40,198,1064
2020-03-06,199,185,534,508,42,271,1046
2020-03-07,0,0,0,0,0,0,0
2020-03-08,0,0,0,0,0,0,0
2020-03-09,144,126,621,593,36,219,1020
2020-03-10,97,88,300,273,31,234,662
2020-03-11,88,86,501,479,38,194,821
2020-03-12,108,103,643,615,44,93,888
2020-03-13,87,82,636,599,26,100,849
2020-03-14,0,0,0,0,0,0,0
2020-03-15,0,0,0,0,0,0,0
2020-03-16,85,81,1136,1089,6,25,1252
2020-03-17,23,23,209,204,0,1,233
2020-03-18,1,1,204,187,0,0,205
2020-03-19,6,6,427,417,0,0,433
2020-03-20,0,0,372,365,0,2,374
2020-03-21,0,0,0,0,0,0,0
2020-03-22,0,0,0,0,0,0,0
2020-03-23,0,0,0,0,0,0,0
2020-03-24,0,0,1,1,0,0,1
2020-03-25,0,0,0,0,0,0,0
2020-03-26,0,0,0,0,0,0,0
2020-03-27,0,0,0,0,0,0,0
2020-03-28,0,0,0,0,0,0,0
2020-03-29,0,0,0,0,0,0,0
2020-03-30,0,0,0,0,0,0,0
2020-03-31,0,0,0,0,0,0,0
2020-04-01,0,0,0,0,0,0,0
2020-04-02,0,0,0,0,0,0,0
2020-04-03,0,0,0,0,0,0,0
2020-04-04,0,0,0,0,0,0,0
2020-04-05,0,0,0,0,0,0,0
2020-04-06,0,0,0,0,0,0,0
2020-04-07,0,0,0,0,0,0,0
2020-04-08,0,0,1,1,0,0,1
2020-04-09,0,0,0,0,0,0,0
2020-04-10,0,0,0,0,0,0,0
2020-04-11,0,0,0,0,0,0,0
2020-04-12,0,0,0,0,0,0,0
2020-04-13,0,0,0,0,0,0,0
2020-04-14,0,0,2,2,0,0,2
2020-04-15,0,0,0,0,0,0,0
2020-04-16,0,0,0,0,0,0,0
2020-04-17,0,0,1,1,0,0,1
2020-04-18,0,0,0,0,0,0,0
2020-04-19,0,0,1,1,0,0,1
2020-04-20,0,0,0,0,0,0,0
2020-04-21,0,0,0,0,0,0,0
2020-04-22,0,0,0,0,0,0,0
2020-04-23,0,0,0,0,0,0,0
2020-04-24,0,0,0,0,0,0,0
2020-04-25,0,0,0,0,0,0,0
2020-04-26,0,0,0,0,0,0,0
2020-04-27,0,0,0,0,0,2,2
2020-04-28,0,0,0,0,0,0,0
2020-04-29,0,0,0,0,0,0,0
2020-04-30,0,0,0,0,0,0,0
2020-05-01,0,0,0,0,0,0,0
2020-05-02,0,0,0,0,0,0,0
2020-05-03,0,0,0,0,0,0,0
2020-05-04,0,0,0,0,0,0,0
2020-05-05,0,0,0,0,0,0,0
2020-05-06,0,0,0,0,0,0,0
2020-05-07,0,0,0,0,0,0,0
2020-05-08,0,0,0,0,0,0,0
2020-05-09,0,0,0,0,0,0,0
2020-05-10,0,0,0,0,0,0,0
2020-05-11,0,0,0,0,0,0,0
2020-05-12,0,0,4,4,0,0,4
2020-05-13,0,0,0,0,0,0,0
2020-05-14,0,0,0,0,0,0,0
2020-05-15,0,0,0,0,0,0,0
2020-05-16,0,0,0,0,0,2,2
2020-05-17,0,0,0,0,0,0,0
2020-05-18,0,0,0,0,0,0,0
2020-05-19,0,0,0,0,0,0,0
2020-05-20,0,0,0,0,0,0,0
2020-05-21,0,0,0,0,0,0,0
2020-05-22,0,0,0,0,0,0,0
2020-05-23,0,0,0,0,0,0,0
2020-05-24,0,0,0,0,0,0,0
2020-05-25,0,0,0,0,0,0,0
2020-05-26,0,0,0,0,0,0,0
2020-05-27,0,0,0,0,0,0,0
2020-05-28,0,0,0,0,0,0,0
2020-05-29,0,0,0,0,1,1,2
2020-05-30,0,0,0,0,0,0,0
2020-05-31,0,0,0,0,0,0,0
2020-06-01,0,0,0,0,0,1,1
2020-06-02,0,0,0,0,3,6,9
2020-06-03,0,0,0,0,5,5,10
2020-06-04,0,0,0,0,1,1,2
2020-06-05,0,0,0,0,0,0,0
2020-06-06,0,0,0,0,0,0,0
2020-06-07,0,0,0,0,0,0,0
2020-06-08,0,0,0,0,5,2,7
2020-06-09,0,0,0,0,0,0,0
2020-06-10,0,0,0,0,0,0,0
2020-06-11,0,0,0,0,0,0,0
2020-06-12,0,0,0,0,0,0,0
2020-06-13,0,0,0,0,0,0,0
2020-06-14,0,0,0,0,0,0,0
2020-06-15,0,0,1,1,0,0,1
2020-06-16,0,0,0,0,0,0,0
2020-06-17,0,0,0,0,1,0,1
2020-06-18,0,0,0,0,0,0,0
2020-06-19,0,0,0,0,0,0,0
2020-06-20,0,0,0,0,0,0,0
2020-06-21,0,0,0,0,0,0,0
2020-06-22,0,0,0,0,2,0,2
2020-06-23,2,2,0,0,0,0,2
2020-06-24,0,0,0,0,0,0,0
2020-06-25,2,2,0,0,0,0,2
2020-06-26,0,0,2,1,2,0,4
2020-06-27,0,0,0,0,0,0,0
2020-06-28,0,0,0,0,0,0,0
2020-06-29,1,1,0,0,1,0,2
2020-06-30,3,3,0,0,2,0,5
2020-07-01,18,18,0,0,16,1,35
2020-07-02,0,0,0,0,1,0,1
2020-07-03,0,0,0,0,0,0,0
2020-07-04,0,0,0,0,0,0,0
2020-07-05,0,0,0,0,0,0,0
2020-07-06,6,5,7,7,8,2,23
2020-07-07,4,4,3,3,15,0,22
2020-07-08,22,20,3,3,5,1,31
2020-07-09,18,16,3,3,1,10,32
2020-07-10,11,11,2,2,10,2,25
2020-07-11,0,0,0,0,0,0,0
2020-07-12,0,0,0,0,0,0,0
2020-07-13,34,34,0,0,9,9,52
2020-07-14,92,85,12,9,10,2,116
2020-07-15,32,30,4,4,8,6,50
2020-07-16,25,20,3,3,36,8,72
2020-07-17,56,48,15,14,2,23,96
2020-07-18,0,0,0,0,0,0,0
2020-07-19,0,0,0,0,0,0,0
2020-07-20,51,48,13,13,13,26,103
2020-07-21,51,48,30,26,19,31,131
2020-07-22,30,29,9,8,15,88,142
2020-07-23,87,79,29,27,4,21,141
2020-07-24,54,49,68,66,10,12,144
2020-07-25,0,0,0,0,0,0,0
2020-07-26,0,0,0,0,0,0,0
2020-07-27,62,61,15,15,14,33,124
2020-07-28,55,52,133,133,22,79,289
2020-07-29,38,36,158,158,18,39,253
2020-07-30,18,16,246,243,10,13,287
2020-07-31,45,42,416,416,8,22,491
2020-08-01,0,0,0,0,0,0,0
2020-08-02,0,0,0,0,0,0,0
2020-08-03,46,46,68,68,20,42,176
2020-08-04,77,67,109,107,24,15,225
2020-08-05,57,55,39,37,10,13,119
2020-08-06,66,64,62,60,15,25,168
2020-08-07,31,30,52,48,10,33,126
2020-08-08,0,0,0,0,0,0,0
2020-08-09,0,0,0,0,0,0,0
2020-08-10,67,62,84,76,26,35,212
2020-08-11,90,87,246,232,9,42,387
2020-08-12,40,36,79,77,12,30,161
2020-08-13,83,76,279,272,10,38,410
2020-08-14,95,93,117,113,18,43,273
2020-08-15,2,2,0,0,0,0,2
2020-08-16,4,4,4,4,0,0,8
2020-08-17,47,40,368,356,16,44,475
2020-08-18,77,73,241,229,17,59,394
2020-08-19,48,46,192,187,13,23,276
2020-08-20,47,44,239,229,18,56,360
2020-08-21,45,42,169,166,11,28,253
2020-08-22,0,0,7,7,0,0,7
2020-08-23,5,4,4,4,0,0,9
2020-08-24,41,41,511,489,19,55,626
2020-08-25,47,43,463,447,12,45,567
2020-08-26,64,63,507,499,14,67,652
2020-08-27,65,63,269,264,10,76,420
2020-08-28,85,77,235,231,22,121,463
2020-08-29,0,0,0,0,0,0,0
2020-08-30,1,1,21,21,0,0,22
2020-08-31,63,50,326,310,6,44,439
2020-09-01,69,62,334,308,11,55,469
2020-09-02,65,55,320,317,16,50,451
2020-09-03,71,59,278,274,34,74,457
2020-09-04,89,79,259,255,24,18,390
2020-09-05,6,6,0,0,0,0,6
2020-09-06,6,6,0,0,0,0,6
2020-09-07,1,0,16,16,0,2,19
2020-09-08,115,109,265,249,38,53,471
2020-09-09,66,64,412,396,10,25,513
2020-09-10,68,64,365,350,12,23,468
2020-09-11,27,24,126,121,11,26,190
2020-09-12,2,2,3,3,0,0,5
2020-09-13,6,6,36,36,0,0,42
2020-09-14,46,45,200,189,24,59,329
2020-09-15,42,40,376,352,28,71,517
2020-09-16,42,40,219,205,17,44,322
2020-09-17,72,64,460,444,36,35,603
2020-09-18,73,67,192,185,20,164,449
2020-09-19,0,0,0,0,0,0,0
2020-09-20,0,0,1,1,0,0,1
2020-09-21,54,49,363,355,18,79,514
2020-09-22,56,53,246,237,19,27,348
2020-09-23,36,35,289,287,6,45,376
2020-09-24,51,42,391,383,20,30,492
2020-09-25,54,51,390,370,11,83,538
2020-09-26,2,2,2,2,0,0,4
2020-09-27,5,5,30,30,0,0,35
2020-09-28,26,24,73,73,20,104,223
2020-09-29,62,58,422,403,12,80,576
2020-09-30,38,34,177,167,7,32,254
2020-10-01,59,56,249,245,23,90,421
2020-10-02,57,56,336,332,7,32,432
2020-10-03,1,1,27,27,0,0,28
2020-10-04,2,2,0,0,0,0,2
2020-10-05,51,46,396,365,17,64,528
2020-10-06,109,104,275,257,29,80,493
2020-10-07,91,85,343,340,16,31,481
2020-10-08,86,82,160,155,9,84,339
2020-10-09,101,92,289,286,28,59,477
2020-10-10,5,5,20,20,0,0,25
2020-10-11,7,7,20,16,0,0,27
2020-10-12,49,47,198,190,0,0,247
2020-10-13,70,66,259,248,18,65,412
2020-10-14,64,62,342,334,17,103,526
2020-10-15,97,89,308,292,10,27,442
2020-10-16,61,58,171,170,31,55,318
2020-10-17,0,0,2,2,0,0,2
2020-10-18,2,2,45,45,0,0,47
2020-10-19,70,64,377,373,23,54,524
2020-10-20,57,51,347,340,14,27,445
2020-10-21,71,68,337,328,24,134,566
2020-10-22,73,71,379,370,24,150,626
2020-10-23,65,62,298,285,17,86,466
2020-10-24,12,11,1,0,0,0,13
2020-10-25,1,1,60,60,0,0,61
2020-10-26,51,47,251,241,30,122,454
2020-10-27,87,84,340,333,26,52,505
2020-10-28,44,44,376,362,10,59,489
2020-10-29,36,34,383,370,27,67,513
2020-10-30,43,41,310,300,43,85,481
2020-10-31,2,2,0,0,0,0,2
2020-11-01,3,3,82,82,0,0,85
2020-11-02,88,75,299,294,56,131,574
2020-11-03,135,130,289,281,0,0,424
2020-11-04,102,93,255,242,76,130,563
2020-11-05,87,83,387,378,42,79,595
2020-11-06,80,76,346,332,24,68,518
2020-11-07,1,1,15,15,0,0,16
2020-11-08,6,6,33,33,0,0,39
2020-11-09,87,79,270,256,65,147,569
2020-11-10,59,52,373,364,49,173,654
2020-11-11,47,44,316,308,0,0,363
2020-11-12,65,61,295,284,59,105,524
2020-11-13,77,70,245,236,43,96,461
2020-11-14,2,1,15,15,0,0,17
2020-11-15,8,8,68,68,0,0,76
2020-11-16,61,53,389,380,40,173,663
2020-11-17,66,62,407,398,21,95,589
2020-11-18,31,28,220,213,19,69,339
2020-11-19,34,32,329,324,32,137,532
2020-11-20,50,48,427,415,39,150,666
2020-11-21,0,0,41,41,0,0,41
2020-11-22,5,5,24,23,0,0,29
2020-11-23,54,49,390,380,25,129,598
2020-11-24,52,47,563,551,19,118,752
2020-11-25,46,43,150,144,20,63,279
2020-11-26,2,2,26,25,0,0,28
2020-11-27,11,11,91,74,14,78,194
2020-11-28,4,4,27,27,0,0,31
2020-11-29,2,2,27,27,0,0,29
2020-11-30,37,36,148,110,21,132,338
2020-12-01,94,91,173,168,35,85,387
2020-12-02,90,88,323,307,24,177,614
2020-12-03,95,89,460,443,55,92,702
2020-12-04,71,66,261,242,32,132,496
2020-12-05,1,1,5,4,0,0,6
2020-12-06,1,1,40,40,0,0,41
2020-12-07,60,59,218,208,39,132,449
2020-12-08,90,82,279,272,33,86,488
2020-12-09,72,68,266,259,18,49,405
2020-12-10,48,46,434,431,40,85,607
2020-12-11,33,29,184,184,34,106,357
2020-12-12,11,11,1,1,0,0,12
2020-12-13,2,2,2,2,0,0,4
2020-12-14,37,37,241,239,50,164,492
2020-12-15,63,50,322,319,14,127,526
2020-12-16,73,68,316,316,32,179,600
2020-12-17,45,44,234,232,26,42,347
2020-12-18,28,25,497,495,47,100,672
2020-12-19,0,0,12,12,0,0,12
2020-12-20,1,0,69,69,0,1,71
2020-12-21,33,28,625,622,20,90,768
2020-12-22,44,40,507,507,15,132,698
2020-12-23,60,59,390,389,40,106,596
2020-12-24,28,24,165,163,29,103,325
2020-12-25,1,1,6,5,0,0,7
2020-12-26,2,2,9,9,0,0,11
2020-12-27,0,0,26,26,0,0,26
2020-12-28,42,42,414,412,20,30,506
2020-12-29,15,11,166,166,15,31,227
2020-12-30,15,15,14,14,9,31,69
2020-12-31,4,4,6,6,14,17,41
2021-01-01,0,0,3,3,0,0,3
2021-01-02,0,0,0,0,0,0,0
2021-01-03,2,2,0,0,0,0,2
2021-01-04,13,11,7,7,8,11,39
2021-01-05,18,15,8,8,7,17,50
2021-01-06,13,8,4,4,1,36,54
2021-01-07,15,12,4,4,5,25,49
2021-01-08,6,3,1,1,7,24,38
2021-01-09,1,1,0,0,0,0,1
2021-01-10,0,0,0,0,0,0,0
2021-01-11,8,6,6,5,12,17,43
2021-01-12,10,6,8,8,21,38,77
2021-01-13,22,17,18,17,4,20,64
2021-01-14,18,8,18,17,2,19,57
2021-01-15,9,3,39,38,14,13,75
2021-01-16,0,0,0,0,0,0,0
2021-01-17,0,0,0,0,0,0,0
2021-01-18,2,2,16,16,0,0,18
2021-01-19,10,10,27,27,4,15,56
2021-01-20,10,9,13,13,2,5,30
2021-01-21,14,8,3,3,7,13,37
2021-01-22,8,3,4,2,4,16,32
2021-01-23,1,1,1,0,0,0,2
2021-01-24,0,0,1,0,0,0,1
2021-01-25,15,14,13,10,11,11,50
2021-01-26,5,4,13,13,3,13,34
2021-01-27,18,16,7,6,6,16,47
2021-01-28,34,29,20,17,6,53,113
2021-01-29,30,27,5,5,2,22,59
2021-01-30,0,0,0,0,0,0,0
2021-01-31,3,3,0,0,0,0,3
2021-02-01,5,5,13,11,12,21,51
2021-02-02,7,5,15,15,6,16,44
2021-02-03,25,19,25,22,6,11,67
2021-02-04,12,9,14,11,2,24,52
2021-02-05,20,18,38,37,15,24,97
2021-02-06,0,0,0,0,0,0,0
2021-02-07,0,0,0,0,0,0,0
2021-02-08,11,7,22,21,12,15,60
2021-02-09,21,18,25,24,5,21,72
2021-02-10,14,11,108,106,7,76,205
2021-02-11,18,12,89,88,1,70,178
2021-02-12,13,10,42,40,0,0,55
2021-02-13,0,0,0,0,0,0,0
2021-02-14,0,0,0,0,0,0,0
2021-02-15,6,1,41,41,0,0,47
2021-02-16,25,20,76,75,25,15,141
2021-02-17,23,18,104,104,14,20,161
2021-02-18,9,6,30,29,8,8,55
2021-02-19,7,5,26,26,7,12,52
2021-02-20,0,0,8,8,0,0,8
2021-02-21,0,0,1,1,0,0,1
2021-02-22,20,16,53,53,16,47,136
2021-02-23,27,25,80,80,2,5,114
2021-02-24,22,22,107,106,6,15,150
2021-02-25,22,15,98,97,30,72,222
2021-02-26,10,10,97,97,10,16,133
2021-02-27,2,2,23,23,0,0,25
2021-02-28,1,0,1,1,0,0,2
2021-03-01,21,20,108,108,29,21,179
2021-03-02,19,18,103,100,8,32,162
2021-03-03,26,25,170,168,19,21,236
2021-03-04,37,34,95,95,7,17,156
2021-03-05,39,37,50,50,32,23,144
2021-03-06,0,0,45,45,0,0,45
2021-03-07,0,0,0,0,0,0,0
2021-03-08,31,28,90,89,17,21,159
2021-03-09,32,29,143,142,36,54,265
2021-03-10,28,25,82,81,18,30,158
2021-03-11,35,34,78,77,19,62,194
2021-03-12,19,18,41,41,20,54,134
2021-03-13,1,1,53,53,0,0,54
2021-03-14,5,5,5,5,0,0,10
2021-03-15,32,31,72,69,24,28,156
2021-03-16,40,39,82,81,20,54,196
2021-03-17,32,29,73,73,9,13,127
2021-03-18,30,30,74,73,25,69,198
2021-03-19,20,20,110,110,15,54,199
2021-03-20,1,1,1,1,0,2,4
2021-03-21,0,0,8,8,0,0,8
2021-03-22,27,27,97,96,14,42,180
2021-03-23,42,41,230,228,22,62,356
2021-03-24,19,19,164,164,12,28,223
2021-03-25,32,31,142,142,12,42,228
2021-03-26,11,11,148,147,16,50,225
2021-03-27,3,1,18,18,0,0,21
2021-03-28,1,1,19,19,0,0,20
2021-03-29,31,31,127,126,16,56,230
2021-03-30,36,36,129,129,12,52,229
2021-03-31,17,17,228,228,23,43,311
2021-04-01,28,28,190,187,25,33,276
2021-04-02,23,21,145,145,23,49,240
2021-04-03,3,3,25,25,0,0,28
2021-04-04,1,1,15,15,0,0,16
2021-04-05,30,28,132,131,22,67,251
2021-04-06,49,46,212,207,14,87,362
2021-04-07,39,38,231,229,27,43,340
2021-04-08,46,46,223,220,15,88,372
2021-04-09,24,24,239,237,23,23,309
2021-04-10,1,0,0,0,0,0,1
2021-04-11,0,0,18,18,0,0,18
2021-04-12,45,41,126,119,8,31,210
2021-04-13,36,34,94,92,17,38,185
2021-04-14,25,21,194,193,16,64,299
2021-04-15,37,36,245,241,19,24,325
2021-04-16,37,36,118,116,29,82,266
2021-04-17,2,2,49,49,0,0,51
2021-04-18,5,5,6,6,0,0,11
2021-04-19,37,33,137,129,21,41,236
2021-04-20,24,24,124,116,26,51,225
2021-04-21,38,38,101,94,16,30,185
2021-04-22,37,36,242,237,21,83,383
2021-04-23,21,20,168,168,12,71,272
2021-04-24,2,2,35,35,0,0,37
2021-04-25,4,4,34,33,0,0,38
2021-04-26,41,40,239,231,20,46,346
2021-04-27,42,42,171,170,22,71,306
2021-04-28,30,29,328,327,18,60,436
2021-04-29,35,34,247,242,26,68,376
2021-04-30,19,18,210,204,8,53,290
2021-05-01,1,1,0,0,0,0,1
2021-05-02,1,1,15,15,0,0,16
2021-05-03,55,52,128,118,32,110,325
2021-05-04,65,65,251,249,10,49,375
2021-05-05,67,64,206,204,22,36,331
2021-05-06,61,60,220,216,24,42,347
2021-05-07,31,27,128,121,31,99,289
2021-05-08,2,2,27,26,0,0,29
2021-05-09,5,5,0,0,0,0,5
2021-05-10,37,36,238,232,18,21,314
2021-05-11,56,54,295,266,7,41,399
2021-05-12,29,28,253,246,26,54,362
2021-05-13,54,53,281,268,18,77,430
2021-05-14,37,32,266,244,21,24,348
2021-05-15,2,2,43,43,0,0,45
2021-05-16,6,4,7,0,0,0,13
2021-05-17,36,33,199,187,32,50,317
2021-05-18,53,50,185,174,13,57,308
2021-05-19,41,36,195,188,7,33,276
2021-05-20,42,38,250,233,13,51,356
2021-05-21,30,28,218,213,15,24,287
2021-05-22,1,1,40,40,0,0,41
2021-05-23,1,1,24,24,0,0,25
2021-05-24,29,27,165,160,17,33,244
2021-05-25,44,43,151,138,25,35,255
2021-05-26,36,28,211,206,19,65,331
2021-05-27,39,36,218,210,20,39,316
2021-05-28,41,41,217,214,16,27,301
2021-05-29,3,3,60,60,1,0,64
2021-05-30,2,2,28,28,0,0,30
2021-05-31,0,0,2,2,0,0,2
2021-06-01,36,34,193,183,17,110,356
2021-06-02,45,43,199,194,18,43,305
2021-06-03,82,75,207,202,27,75,391
2021-06-04,53,49,116,113,29,57,255
2021-06-05,8,8,27,27,0,0,35
2021-06-06,5,5,0,0,0,0,5
2021-06-07,39,37,165,159,10,46,260
2021-06-08,43,40,337,317,12,52,444
2021-06-09,56,52,193,167,27,50,326
2021-06-10,43,39,270,256,15,32,360
2021-06-11,34,31,141,134,25,71,271
2021-06-12,0,0,23,23,0,0,23
2021-06-13,0,0,71,71,0,0,71
2021-06-14,41,38,249,243,22,36,348
2021-06-15,58,56,199,191,32,46,335
2021-06-16,36,34,168,164,18,30,252
2021-06-17,42,35,219,213,23,51,335
2021-06-18,21,17,168,164,0,0,189
2021-06-19,0,0,0,0,0,0,0
2021-06-20,0,0,2,2,0,0,2
2021-06-21,27,27,211,203,28,44,310
2021-06-22,53,51,160,152,17,31,261
2021-06-23,39,33,173,161,22,55,289
2021-06-24,45,43,166,163,18,36,265
2021-06-25,23,20,76,67,11,63,173
2021-06-26,0,0,42,42,0,0,42
2021-06-27,1,1,17,17,0,0,18
2021-06-28,21,17,280,259,20,19,340
2021-06-29,31,30,169,156,19,39,258
2021-06-30,37,35,145,133,17,86,285
2021-07-01,62,59,210,202,39,99,410
2021-07-02,38,34,145,143,15,55,253
2021-07-03,1,1,9,9,0,0,10
2021-07-04,0,0,0,0,0,0,0
2021-07-05,7,5,2,1,0,0,9
2021-07-06,60,57,174,153,29,37,300
2021-07-07,64,57,235,216,22,54,375
2021-07-08,30,23,179,169,26,95,330
2021-07-09,38,32,105,98,28,40,211
2021-07-10,2,2,0,0,0,0,2
2021-07-11,3,3,2,0,0,0,5
2021-07-12,42,41,125,101,23,37,227
2021-07-13,55,47,141,133,15,52,263
2021-07-14,39,38,85,72,16,32,172
2021-07-15,53,51,138,132,19,43,253
2021-07-16,29,24,221,213,22,47,319
2021-07-17,0,0,3,3,0,0,3
2021-07-18,0,0,1,1,0,0,1
2021-07-19,33,31,220,212,25,53,331
2021-07-20,45,43,135,113,27,50,257
2021-07-21,41,37,215,187,35,54,345
2021-07-22,34,28,171,165,13,55,273
2021-07-23,27,25,123,113,25,156,331
2021-07-24,8,8,16,14,0,0,24
2021-07-25,0,0,0,0,0,0,0
2021-07-26,42,37,143,135,20,62,267
2021-07-27,40,36,115,114,31,50,236
2021-07-28,31,28,232,214,15,72,350
2021-07-29,59,54,133,123,20,60,272
2021-07-30,24,21,128,119,12,56,220
2021-07-31,4,3,0,0,0,0,4
2021-08-01,1,1,7,7,0,0,8
2021-08-02,59,52,118,106,24,71,272
2021-08-03,72,69,217,199,35,64,388
2021-08-04,41,39,93,87,27,53,214
2021-08-05,47,43,77,75,15,67,206
2021-08-06,39,33,147,139,19,26,231
2021-08-07,3,3,5,4,1,0,9
2021-08-08,0,0,0,0,0,0,0
2021-08-09,51,47,165,155,36,90,342
2021-08-10,42,41,201,186,23,42,308
2021-08-11,23,23,179,171,37,60,299
2021-08-12,44,35,167,161,23,29,263
2021-08-13,32,31,155,140,14,73,274
2021-08-14,0,0,0,0,0,0,0
2021-08-15,3,3,0,0,0,0,3
2021-08-16,27,23,191,175,30,69,317
2021-08-17,34,31,186,181,31,100,351
2021-08-18,45,37,169,156,18,35,267
2021-08-19,58,56,177,152,21,66,322
2021-08-20,35,35,181,169,33,76,325
2021-08-21,2,2,1,1,0,0,3
2021-08-22,7,7,5,4,0,0,12
2021-08-23,50,44,123,115,32,72,277
2021-08-24,57,53,277,264,14,59,407
2021-08-25,43,41,251,242,26,64,384
2021-08-26,48,45,105,100,21,70,244
2021-08-27,51,50,178,167,21,61,311
2021-08-28,1,1,1,1,0,0,2
2021-08-29,0,0,10,10,0,0,10
2021-08-30,54,51,86,77,42,142,324
2021-08-31,33,32,133,126,31,76,273
2021-09-01,137,123,238,224,29,68,472
2021-09-02,46,41,81,73,38,26,191
2021-09-03,17,16,24,17,27,60,128
2021-09-04,0,0,1,1,0,0,1
2021-09-05,0,0,10,10,0,0,10
2021-09-06,2,2,0,0,0,0,2
2021-09-07,22,21,12,11,29,38,101
2021-09-08,31,31,26,20,37,66,160
2021-09-09,28,26,41,37,21,69,159
2021-09-10,29,29,40,32,24,24,117
2021-09-11,3,3,1,1,0,0,4
2021-09-12,0,0,0,0,0,0,0
2021-09-13,22,17,26,14,20,88,156
2021-09-14,48,44,84,61,14,48,194
2021-09-15,41,37,89,81,20,21,171
2021-09-16,16,16,107,105,21,22,166
2021-09-17,40,37,49,46,20,44,153
2021-09-18,0,0,1,1,0,0,1
2021-09-19,0,0,0,0,0,0,0
2021-09-20,47,44,64,51,21,14,146
2021-09-21,47,46,137,109,27,97,308
2021-09-22,51,51,69,54,16,45,181
2021-09-23,43,40,88,66,25,108,264
2021-09-24,19,17,71,64,13,40,143
2021-09-25,0,0,2,1,0,0,2
2021-09-26,0,0,0,0,0,0,0
2021-09-27,25,24,101,93,16,34,176
2021-09-28,44,41,177,170,19,38,278
2021-09-29,42,38,122,102,15,49,228
2021-09-30,44,40,124,99,18,41,227
2021-10-01,53,47,195,151,22,45,315
2021-10-02,1,1,0,0,0,0,1
2021-10-03,0,0,2,1,0,0,2
2021-10-04,34,30,98,47,27,78,237
2021-10-05,78,71,133,125,25,66,302
2021-10-06,61,56,92,77,26,90,269
2021-10-07,62,50,168,157,21,60,311
2021-10-08,34,31,119,110,39,56,248
2021-10-09,0,0,0,0,0,0,0
2021-10-10,5,5,1,0,0,0,6
2021-10-11,51,47,97,83,0,0,148
2021-10-12,52,45,188,181,48,163,451
2021-10-13,51,47,186,177,50,97,384
2021-10-14,51,47,107,97,28,40,226
2021-10-15,52,49,114,105,33,89,288
2021-10-16,1,1,5,5,0,0,6
2021-10-17,3,2,2,2,0,0,5
2021-10-18,58,56,146,130,31,76,311
2021-10-19,75,71,131,125,27,41,274
2021-10-20,27,26,162,141,24,71,284
2021-10-21,59,56,113,99,17,54,243
2021-10-22,45,43,98,89,17,66,226
2021-10-23,1,1,17,15,0,0,18
2021-10-24,1,1,13,7,0,0,14
2021-10-25,30,26,69,59,27,71,197
2021-10-26,41,40,99,86,21,56,217
2021-10-27,33,29,131,115,18,36,218
2021-10-28,35,34,91,77,30,49,205
2021-10-29,29,29,139,128,28,129,325
2021-10-30,0,0,0,0,0,0,0
2021-10-31,0,0,0,0,0,0,0
2021-11-01,67,61,176,165,25,35,303
2021-11-02,63,50,141,129,0,2,206
2021-11-03,79,77,119,101,33,167,398
2021-11-04,74,68,176,168,34,70,354
2021-11-05,50,45,149,146,38,87,324
2021-11-06,0,0,3,2,0,0,3
2021-11-07,2,2,0,0,0,0,2
2021-11-08,65,62,134,121,43,70,312
2021-11-09,70,65,169,155,26,78,343
2021-11-10,54,48,171,156,29,60,314
2021-11-11,78,74,107,100,0,0,185
2021-11-12,38,36,53,50,44,97,232
2021-11-13,0,0,0,0,0,0,0
2021-11-14,8,8,3,2,0,0,11
2021-11-15,55,49,107,98,32,70,264
2021-11-16,47,46,100,89,32,94,273
2021-11-17,43,40,129,118,21,74,267
2021-11-18,42,40,232,218,27,80,381
2021-11-19,26,23,256,243,23,32,337
2021-11-20,0,0,2,0,0,0,2
2021-11-21,1,1,4,3,0,0,5
2021-11-22,42,41,160,145,31,96,329
2021-11-23,64,56,148,130,25,62,299
2021-11-24,50,46,115,100,13,69,247
2021-11-25,0,0,6,6,0,0,6
2021-11-26,13,13,30,28,2,11,56
2021-11-27,3,3,13,10,0,0,16
2021-11-28,1,0,3,2,0,0,4
2021-11-29,47,46,128,112,18,35,228
2021-11-30,54,50,199,177,24,47,324
2021-12-01,79,72,163,148,19,37,298
2021-12-02,57,51,193,180,48,110,408
2021-12-03,84,81,84,71,34,91,293
2021-12-04,0,0,1,1,0,0,1
2021-12-05,2,2,9,9,0,0,11
2021-12-06,74,72,121,112,38,48,281
2021-12-07,62,56,150,137,40,40,292
2021-12-08,69,63,200,188,30,108,407
2021-12-09,62,58,149,138,27,78,316
2021-12-10,47,44,156,137,21,126,350
2021-12-11,5,5,0,0,0,0,5
2021-12-12,8,8,22,20,0,0,30
2021-12-13,64,55,146,136,19,27,256
2021-12-14,66,61,117,107,37,224,444
2021-12-15,29,25,235,191,22,47,333
2021-12-16,41,35,172,158,32,123,368
2021-12-17,19,17,81,79,32,72,204
2021-12-18,1,0,11,11,0,0,12
2021-12-19,0,0,2,2,0,0,2
2021-12-20,32,27,213,201,37,84,366
2021-12-21,44,42,118,103,16,75,253
2021-12-22,41,38,141,112,27,82,291
2021-12-23,46,44,91,84,25,87,249
2021-12-24,4,2,11,11,0,0,15
2021-12-25,0,0,0,0,0,0,0
2021-12-26,2,2,3,3,0,0,5
2021-12-27,36,36,96,92,13,60,205
2021-12-28,19,16,213,202,14,74,320
2021-12-29,40,37,175,161,11,60,286
2021-12-30,33,29,211,198,14,47,305
2021-12-31,6,6,9,7,2,1,18
2022-01-01,1,1,0,0,0,0,1
2022-01-02,12,12,1,0,0,0,13
2022-01-03,51,49,74,66,22,217,364
2022-01-04,71,67,137,129,20,43,271
2022-01-05,79,75,201,176,36,36,352
2022-01-06,47,44,129,110,43,44,263
2022-01-07,37,34,122,110,25,76,260
2022-01-08,5,5,0,0,0,0,5
2022-01-09,1,1,24,23,0,0,25
2022-01-10,81,76,201,180,31,85,398
2022-01-11,59,52,169,158,33,178,439
2022-01-12,53,46,134,124,44,100,331
2022-01-13,69,65,238,226,32,89,428
2022-01-14,57,55,247,240,28,65,397
2022-01-15,2,1,2,2,0,0,4
2022-01-16,10,10,26,25,0,0,36
2022-01-17,50,47,153,151,0,0,203
2022-01-18,85,77,215,191,51,85,436
2022-01-19,88,75,266,229,45,98,497
2022-01-20,74,66,183,163,36,97,390
2022-01-21,85,80,265,247,62,140,552
2022-01-22,16,14,39,39,0,1,56
2022-01-23,3,3,6,5,0,1,10
2022-01-24,93,86,210,201,64,143,510
2022-01-25,130,116,235,216,42,143,550
2022-01-26,75,66,282,263,41,98,496
2022-01-27,51,43,240,226,16,155,462
2022-01-28,77,73,232,215,36,135,480
2022-01-29,3,2,24,24,0,0,27
2022-01-30,5,5,74,71,0,0,79
2022-01-31,44,41,329,308,46,192,611
2022-02-01,109,101,274,262,48,74,505
2022-02-02,99,89,156,135,52,197,504
2022-02-03,95,85,142,131,56,96,389
2022-02-04,70,60,103,89,38,103,314
2022-02-05,15,15,13,13,0,0,28
2022-02-06,3,3,61,60,0,0,64
2022-02-07,139,121,207,188,66,174,586
2022-02-08,115,108,354,331,90,334,893
2022-02-09,69,63,260,237,59,286,674
2022-02-10,95,82,189,173,47,133,464
2022-02-11,78,75,211,196,0,1,290
2022-02-12,5,5,15,14,0,0,20
2022-02-13,6,5,66,65,0,0,72
2022-02-14,108,92,190,170,76,219,593
2022-02-15,78,69,388,363,69,315,850
2022-02-16,48,41,227,219,52,224,551
2022-02-17,54,51,308,279,26,218,606
2022-02-18,57,51,252,230,35,214,558
2022-02-19,1,1,10,10,0,0,11
2022-02-20,1,1,25,24,0,0,26
2022-02-21,47,44,141,135,0,0,188
2022-02-22,66,60,312,287,50,300,728
2022-02-23,66,63,413,384,50,135,664
2022-02-24,64,61,292,277,27,266,649
2022-02-25,47,44,341,324,28,121,537
2022-02-26,7,7,8,7,0,0,15
2022-02-27,4,2,33,33,0,1,38
2022-02-28,84,77,309,286,51,190,634
2022-03-01,115,99,246,222,45,195,601
2022-03-02,147,132,206,192,62,229,644
2022-03-03,70,61,220,194,52,205,547
2022-03-04,84,74,205,191,52,300,641
2022-03-05,3,3,2,2,0,0,5
2022-03-06,9,9,17,17,0,0,26
2022-03-07,137,119,275,256,69,325,806
2022-03-08,106,90,357,323,78,253,794
2022-03-09,107,94,543,512,53,220,923
2022-03-10,103,91,330,317,35,204,672
2022-03-11,75,69,322,306,52,192,641
2022-03-12,4,4,5,4,0,0,9
2022-03-13,3,1,10,10,0,0,13
2022-03-14,77,72,278,262,43,154,552
2022-03-15,75,69,446,424,36,211,768
2022-03-16,51,43,462,431,33,182,728
2022-03-17,55,50,354,339,51,204,664
2022-03-18,65,56,305,288,34,128,532
2022-03-19,2,2,42,42,0,0,44
2022-03-20,4,4,61,56,0,0,65
2022-03-21,66,59,386,364,39,278,769
2022-03-22,68,62,295,256,32,198,593
2022-03-23,51,47,387,361,29,196,663
2022-03-24,67,62,348,322,30,223,668
2022-03-25,50,43,351,328,41,191,633
2022-03-26,5,5,21,21,0,0,26
2022-03-27,1,1,10,9,0,0,11
2022-03-28,60,54,296,271,23,141,520
2022-03-29,52,44,383,347,27,150,612
2022-03-30,37,36,360,341,32,314,743
2022-03-31,63,55,430,411,43,350,886
2022-04-01,92,79,214,195,49,369,724
2022-04-02,5,4,21,21,0,0,26
2022-04-03,8,8,44,40,0,0,52
2022-04-04,132,116,388,371,42,178,740
2022-04-05,100,87,222,204,48,190,560
2022-04-06,105,88,403,377,54,215,777
2022-04-07,68,64,413,389,40,238,759
2022-04-08,97,90,428,387,53,183,761
2022-04-09,5,5,6,5,0,0,11
2022-04-10,11,10,30,28,0,0,41
2022-04-11,87,80,462,440,40,291,880
2022-04-12,56,49,311,295,67,279,713
2022-04-13,85,79,420,397,25,165,695
2022-04-14,48,44,302,282,39,240,629
2022-04-15,37,29,316,302,35,163,551
2022-04-16,1,1,82,82,0,2,85
2022-04-17,2,2,65,65,0,0,67
2022-04-18,41,34,419,399,45,300,805
2022-04-19,80,70,422,393,27,150,679
2022-04-20,52,45,421,393,33,148,654
2022-04-21,52,42,514,463,31,263,860
2022-04-22,33,29,400,386,29,161,623
2022-04-23,3,3,36,36,0,0,39
2022-04-24,0,0,5,5,0,0,5
2022-04-25,47,44,485,409,43,104,679
2022-04-26,37,30,339,314,32,198,606
2022-04-27,62,52,354,332,45,208,669
2022-04-28,52,44,408,386,32,105,597
2022-04-29,54,47,285,264,38,155,532
2022-04-30,5,5,52,52,0,0,57
2022-05-01,10,9,47,47,0,0,57
2022-05-02,110,100,388,374,62,252,812
2022-05-03,143,133,333,298,55,119,650
2022-05-04,136,129,281,265,51,212,680
2022-05-05,112,103,349,311,64,163,688
2022-05-06,78,73,408,384,42,229,757
2022-05-07,6,5,151,150,0,0,157
2022-05-08,2,2,19,19,0,0,21
2022-05-09,78,68,293,276,68,181,620
2022-05-10,133,119,511,476,45,155,844
2022-05-11,72,69,381,367,59,210,722
2022-05-12,70,61,412,392,49,209,740
2022-05-13,84,78,413,405,32,145,674
2022-05-14,7,7,36,35,0,0,43
2022-05-15,10,10,84,84,0,0,94
2022-05-16,82,76,290,276,33,114,519
2022-05-17,86,72,387,365,37,107,617
2022-05-18,66,62,477,460,42,144,729
2022-05-19,65,60,433,413,15,167,680
2022-05-20,49,42,343,332,27,278,697
2022-05-21,1,1,48,48,0,0,49
2022-05-22,8,8,60,60,0,0,68
2022-05-23,86,79,325,301,30,288,729
2022-05-24,54,50,337,325,18,162,571
2022-05-25,78,75,437,417,23,142,680
2022-05-26,56,54,290,274,37,236,619
2022-05-27,47,45,341,326,33,231,652
2022-05-28,4,4,39,36,0,0,43
2022-05-29,7,7,18,18,0,0,25
2022-05-30,4,4,13,11,0,0,17
2022-05-31,43,36,211,202,34,274,562
2022-06-01,141,131,403,379,45,168,757
2022-06-02,143,128,295,282,64,206,708
2022-06-03,109,97,251,241,59,316,735
2022-06-04,8,8,12,11,0,0,20
2022-06-05,16,15,40,40,0,0,56
2022-06-06,108,96,362,349,55,164,689
2022-06-07,107,100,302,282,41,361,811
2022-06-08,127,113,513,485,42,174,856
2022-06-09,117,113,478,449,59,220,874
2022-06-10,74,68,352,339,62,169,657
2022-06-11,2,2,129,129,3,2,136
2022-06-12,2,2,27,27,0,0,29
2022-06-13,123,118,445,428,51,189,808
2022-06-14,98,94,378,359,54,169,699
2022-06-15,92,80,453,414,41,166,752
2022-06-16,75,68,378,356,25,146,624
2022-06-17,62,61,191,171,43,336,632
2022-06-18,8,8,4,3,0,0,12
2022-06-19,8,8,13,13,0,0,21
2022-06-20,16,15,231,223,0,0,247
2022-06-21,77,73,185,171,61,246,569
2022-06-22,62,59,368,349,29,254,713
2022-06-23,52,46,443,416,37,198,730
2022-06-24,60,58,167,131,29,253,509
2022-06-25,3,3,18,17,0,0,21
2022-06-26,13,13,18,18,0,0,31
2022-06-27,58,56,439,427,27,148,672
2022-06-28,47,40,452,439,32,134,665
2022-06-29,51,48,356,332,21,137,565
2022-06-30,64,56,559,535,37,154,814
2022-07-01,131,123,405,396,85,162,783
2022-07-02,3,3,75,75,0,0,78
2022-07-03,2,2,35,35,0,0,37
2022-07-04,5,5,3,2,0,0,8
2022-07-05,130,121,414,364,45,196,785
2022-07-06,131,120,351,338,55,268,805
2022-07-07,101,90,474,466,65,211,851
2022-07-08,122,111,366,351,59,169,716
2022-07-09,5,5,6,4,0,0,11
2022-07-10,4,3,49,46,0,0,53
2022-07-11,120,111,309,298,59,174,662
2022-07-12,125,108,418,400,53,127,723
2022-07-13,115,100,458,435,63,246,882
2022-07-14,80,74,522,494,51,169,822
2022-07-15,82,72,431,419,61,174,748
2022-07-16,2,2,9,8,0,0,11
2022-07-17,6,6,82,79,1,3,92
2022-07-18,74,67,342,326,42,197,655
2022-07-19,78,71,464,449,43,198,783
2022-07-20,79,68,540,528,47,180,846
2022-07-21,73,67,667,641,23,184,947
2022-07-22,89,86,310,291,33,200,632
2022-07-23,1,1,59,59,0,0,60
2022-07-24,7,7,8,6,0,0,15
2022-07-25,96,90,227,207,32,370,725
2022-07-26,59,55,459,427,30,225,773
2022-07-27,53,47,466,428,47,241,807
2022-07-28,50,46,302,294,12,137,501
2022-07-29,45,42,194,187,37,212,488
2022-07-30,2,2,25,24,0,0,27
2022-07-31,17,16,9,8,0,0,26
2022-08-01,115,105,331,313,63,202,711
2022-08-02,111,105,325,313,56,270,762
2022-08-03,129,120,426,414,66,245,866
2022-08-04,138,128,354,332,69,179,740
2022-08-05,76,66,301,287,65,192,634
2022-08-06,8,6,55,55,0,0,63
2022-08-07,16,15,26,25,0,0,42
2022-08-08,112,104,358,338,80,265,815
2022-08-09,96,91,531,514,49,152,828
2022-08-10,107,100,428,409,54,137,726
2022-08-11,85,80,424,406,32,131,672
2022-08-12,67,65,205,182,57,205,534
2022-08-13,14,9,44,44,0,0,58
2022-08-14,2,2,46,45,0,0,48
2022-08-15,72,71,291,283,45,216,624
2022-08-16,140,132,387,371,34,160,721
2022-08-17,74,66,291,274,28,100,493
2022-08-18,68,57,331,319,34,138,571
2022-08-19,56,50,255,248,37,207,555
2022-08-20,1,1,5,5,0,0,6
2022-08-21,3,3,22,22,0,0,25
2022-08-22,63,58,158,154,45,363,629
2022-08-23,57,48,313,280,30,153,553
2022-08-24,66,59,280,264,31,216,593
2022-08-25,45,34,257,245,28,219,549
2022-08-26,39,37,165,155,23,163,390
2022-08-27,0,0,51,50,0,0,51
2022-08-28,0,0,12,11,0,0,12
2022-08-29,72,69,218,204,22,184,496
2022-08-30,39,35,486,461,23,152,700
2022-08-31,52,49,468,447,26,150,696
2022-09-01,149,138,498,478,55,174,876
2022-09-02,106,97,322,309,73,178,679
2022-09-03,2,2,4,4,0,0,6
2022-09-04,8,6,13,11,0,0,21
2022-09-05,12,12,55,52,0,0,67
2022-09-06,124,118,346,316,56,388,914
2022-09-07,88,86,368,357,46,150,652
2022-09-08,95,86,391,353,53,155,694
2022-09-09,107,102,408,386,115,322,952
2022-09-10,6,6,71,70,0,0,77
2022-09-11,8,7,106,105,0,0,114
2022-09-12,85,83,287,271,47,198,617
2022-09-13,104,96,452,432,66,143,765
2022-09-14,89,84,360,352,46,142,637
2022-09-15,52,50,567,557,24,122,765
2022-09-16,74,73,421,404,35,162,692
2022-09-17,7,7,67,66,0,0,74
2022-09-18,2,2,12,12,0,0,14
2022-09-19,110,104,291,266,58,114,573
2022-09-20,79,75,304,288,43,95,521
2022-09-21,72,68,465,448,52,189,778
2022-09-22,46,41,723,710,30,213,1012
2022-09-23,73,71,493,469,29,169,764
2022-09-24,0,0,29,28,0,0,29
2022-09-25,3,3,24,24,0,0,27
2022-09-26,52,51,322,310,25,235,634
2022-09-27,38,36,268,257,49,285,640
2022-09-28,63,60,443,427,39,169,714
2022-09-29,58,53,418,405,25,202,703
2022-09-30,29,28,329,305,27,155,540
2022-10-01,6,6,184,183,0,0,190
2022-10-02,21,21,39,36,0,0,60
2022-10-03,141,133,357,346,49,175,722
2022-10-04,123,113,362,348,64,253,802
2022-10-05,122,110,267,259,82,241,712
2022-10-06,126,119,389,357,82,183,780
2022-10-07,106,97,284,265,92,291,773
2022-10-08,1,0,5,5,0,0,6
2022-10-09,5,5,42,41,0,0,47
2022-10-10,52,51,201,190,0,0,253
2022-10-11,105,100,441,423,69,228,843
2022-10-12,104,98,368,347,67,185,724
2022-10-13,102,94,536,517,53,103,794
2022-10-14,92,85,347,338,52,166,657
2022-10-15,1,1,59,58,0,0,60
2022-10-16,8,7,45,44,0,0,53
2022-10-17,78,71,392,383,47,150,667
2022-10-18,80,79,321,306,45,235,681
2022-10-19,79,74,433,415,35,235,782
2022-10-20,68,67,393,385,35,180,676
2022-10-21,62,55,402,378,40,194,698
2022-10-22,1,1,76,76,0,0,77
2022-10-23,18,18,61,59,0,0,79
2022-10-24,47,43,322,307,33,409,811
2022-10-25,75,68,354,336,25,187,641
2022-10-26,104,103,438,392,30,143,715
2022-10-27,48,46,331,293,44,294,717
2022-10-28,48,45,413,385,26,115,602
2022-10-29,12,12,8,7,0,0,20
2022-10-30,2,2,51,51,0,0,53
2022-10-31,61,58,317,297,21,161,560
2022-11-01,144,137,463,449,109,140,856
2022-11-02,128,115,402,379,63,282,875
2022-11-03,148,132,328,309,81,188,745
2022-11-04,148,137,448,423,77,229,902
2022-11-05,9,9,20,20,0,0,29
2022-11-06,13,12,79,73,0,0,92
2022-11-07,139,131,567,539,56,280,1042
2022-11-08,155,143,287,274,0,2,444
2022-11-09,121,112,449,430,97,278,945
2022-11-10,75,70,475,458,70,235,855
2022-11-11,69,67,267,262,0,0,336
2022-11-12,5,5,10,8,0,0,15
2022-11-13,3,3,54,54,0,0,57
2022-11-14,78,73,411,401,67,236,792
2022-11-15,70,68,357,344,46,225,698
2022-11-16,72,69,259,244,45,126,502
2022-11-17,87,79,391,369,58,149,685
2022-11-18,56,53,381,363,31,164,632
2022-11-19,10,10,29,28,0,0,39
2022-11-20,4,4,15,15,0,0,19
2022-11-21,60,59,317,301,40,166,583
2022-11-22,87,85,507,487,40,223,857
2022-11-23,62,56,391,376,30,195,678
2022-11-24,2,2,3,3,1,0,6
2022-11-25,10,9,103,98,4,36,153
2022-11-26,17,17,40,40,0,0,57
2022-11-27,4,4,53,52,0,0,57
2022-11-28,71,68,353,343,31,119,574
2022-11-29,66,62,512,498,54,247,879
2022-11-30,53,50,483,472,33,183,752
2022-12-01,142,133,338,323,72,116,668
2022-12-02,114,111,415,407,71,211,811
2022-12-03,16,16,60,59,0,0,76
2022-12-04,17,17,66,62,0,1,84
2022-12-05,122,117,336,319,88,311,857
2022-12-06,128,120,557,540,50,154,889
2022-12-07,108,103,442,416,39,216,805
2022-12-08,166,159,366,347,65,249,846
2022-12-09,102,91,370,339,54,187,713
2022-12-10,2,2,37,37,0,0,39
2022-12-11,6,6,67,67,0,0,73
2022-12-12,140,126,401,392,46,189,776
2022-12-13,88,80,343,332,53,111,595
2022-12-14,88,83,470,456,50,121,729
2022-12-15,64,62,453,445,30,106,653
2022-12-16,71,69,315,302,41,88,515
2022-12-17,9,9,19,18,0,0,28
2022-12-18,26,26,52,51,0,0,78
2022-12-19,93,88,377,363,41,150,661
2022-12-20,82,78,579,557,33,173,867
2022-12-21,87,83,443,418,34,268,832
2022-12-22,64,58,462,439,50,202,778
2022-12-23,53,48,374,348,23,258,708
2022-12-24,2,2,1,1,0,0,3
2022-12-25,0,0,1,1,0,0,1
2022-12-26,4,4,87,85,0,1,92
2022-12-27,60,56,501,488,29,165,755
2022-12-28,59,56,455,450,23,145,682
2022-12-29,63,60,396,343,25,139,623
2022-12-30,50,48,201,192,21,195,467
2022-12-31,2,2,1,1,0,0,3
2023-01-01,4,4,89,89,0,0,93
2023-01-02,28,28,61,59,0,0,89
2023-01-03,139,133,379,360,55,253,826
2023-01-04,134,126,289,268,91,166,680
2023-01-05,133,126,358,349,50,162,703
2023-01-06,139,135,467,442,65,179,850
2023-01-07,2,2,33,32,1,3,39
2023-01-08,5,5,52,52,0,0,57
2023-01-09,144,138,500,475,64,246,954
2023-01-10,110,104,850,813,57,182,1199
2023-01-11,123,117,507,486,40,145,815
2023-01-12,88,81,578,554,45,187,898
2023-01-13,86,81,505,478,58,174,823
2023-01-14,9,8,3,2,0,0,12
2023-01-15,12,12,113,111,0,0,125
2023-01-16,36,35,280,275,1,13,330
2023-01-17,87,83,579,553,71,263,1000
2023-01-18,108,104,483,466,49,171,811
2023-01-19,73,67,447,419,38,186,744
2023-01-20,66,60,466,453,46,177,755
2023-01-21,1,1,13,13,0,0,14
2023-01-22,11,10,11,10,0,0,22
2023-01-23,71,61,435,389,26,156,688
2023-01-24,97,95,303,290,48,293,741
2023-01-25,60,55,556,529,30,179,825
2023-01-26,84,80,440,432,25,139,688
2023-01-27,77,73,473,456,56,210,816
2023-01-28,1,1,27,27,0,0,28
2023-01-29,1,1,44,44,0,0,45
2023-01-30,82,77,411,400,36,182,711
2023-01-31,42,35,459,435,26,140,667
2023-02-01,151,143,389,360,72,239,851
2023-02-02,167,158,406,387,67,158,798
2023-02-03,122,115,373,358,48,177,720
2023-02-04,9,8,30,30,0,0,39
2023-02-05,15,14,38,34,0,0,53
2023-02-06,97,92,360,329,83,243,783
2023-02-07,121,117,373,354,54,181,729
2023-02-08,118,112,374,357,52,165,709
2023-02-09,100,93,415,389,42,162,719
2023-02-10,108,105,296,278,43,205,652
2023-02-11,3,3,80,76,0,0,83
2023-02-12,13,13,12,11,0,0,25
2023-02-13,93,88,249,238,0,0,342
2023-02-14,91,87,424,404,81,345,941
2023-02-15,68,65,386,361,42,190,686
2023-02-16,85,81,466,446,56,149,756
2023-02-17,57,54,527,503,42,211,837
2023-02-18,4,4,3,2,0,0,7
2023-02-19,1,1,29,29,0,0,30
2023-02-20,39,39,155,151,0,0,194
2023-02-21,62,60,440,421,45,316,863
2023-02-22,71,62,507,487,39,241,858
2023-02-23,65,61,457,443,26,196,744
2023-02-24,54,46,384,368,31,118,587
2023-02-25,4,4,3,3,0,0,7
2023-02-26,1,1,41,41,0,0,42
2023-02-27,46,44,394,373,23,179,642
2023-02-28,73,70,479,462,18,102,672
2023-03-01,134,127,431,415,44,210,819
2023-03-02,131,126,488,466,88,161,868
2023-03-03,102,94,444,429,66,228,840
2023-03-04,10,9,172,170,1,2,185
2023-03-05,16,16,53,44,0,0,69
2023-03-06,166,150,477,448,43,164,850
2023-03-07,113,105,640,613,59,188,1000
2023-03-08,113,108,377,363,47,221,758
2023-03-09,115,106,463,442,42,160,780
2023-03-10,95,93,430,416,69,170,764
2023-03-11,12,12,11,10,0,0,23
2023-03-12,10,10,39,39,0,0,49
2023-03-13,73,69,568,531,87,191,919
2023-03-14,100,94,535,519,31,71,737
2023-03-15,60,55,662,637,52,162,936
2023-03-16,84,78,425,411,32,144,685
2023-03-17,61,60,307,300,21,122,511
2023-03-18,1,0,24,23,0,0,25
2023-03-19,2,2,91,90,0,0,93
2023-03-20,58,57,433,405,41,125,657
2023-03-21,90,87,345,332,29,126,590
2023-03-22,58,54,484,452,44,229,815
2023-03-23,79,75,518,493,25,134,756
2023-03-24,66,60,568,545,34,132,800
2023-03-25,3,3,42,42,0,0,45
2023-03-26,9,7,39,37,0,0,48
2023-03-27,61,61,447,421,21,121,650
2023-03-28,61,60,471,447,36,195,763
2023-03-29,70,64,391,373,94,174,729
2023-03-30,39,38,432,409,30,151,652
2023-03-31,48,44,332,317,34,210,624
2023-04-01,10,10,75,75,0,0,85
2023-04-02,1,1,163,129,0,0,164
2023-04-03,189,177,361,347,69,170,789
2023-04-04,127,118,503,477,44,116,790
2023-04-05,120,108,356,334,72,120,668
2023-04-06,136,118,381,367,69,134,720
2023-04-07,61,59,258,249,60,138,517
2023-04-08,0,0,5,4,0,0,5
2023-04-09,6,6,13,13,0,0,19
2023-04-10,119,111,293,280,35,107,554
2023-04-11,92,86,567,546,46,159,864
2023-04-12,71,66,481,449,39,239,830
2023-04-13,79,69,467,456,37,127,710
2023-04-14,76,66,368,354,36,217,697
2023-04-15,3,3,70,69,0,0,73
2023-04-16,2,1,137,130,0,0,139
2023-04-17,72,58,385,365,46,175,678
2023-04-18,77,72,583,559,30,163,853
2023-04-19,82,71,484,453,50,186,802
2023-04-20,67,65,511,493,18,139,735
2023-04-21,40,37,523,508,28,152,743
2023-04-22,3,3,35,35,0,0,38
2023-04-23,8,7,43,43,0,0,51
2023-04-24,63,58,447,417,28,175,713
2023-04-25,80,73,314,303,52,160,606
2023-04-26,71,61,638,617,36,172,917
2023-04-27,62,58,626,606,30,210,928
2023-04-28,66,63,452,437,22,232,772
2023-04-29,2,2,40,40,0,0,42
2023-04-30,0,0,26,23,0,0,26
2023-05-01,142,134,489,469,50,147,828
2023-05-02,150,141,687,664,50,186,1073
2023-05-03,157,142,413,402,52,161,783
2023-05-04,157,148,429,414,80,205,871
2023-05-05,112,105,543,530,119,244,1018
2023-05-06,1,1,35,34,0,0,36
2023-05-07,6,6,54,53,0,0,60
2023-05-08,109,100,515,500,80,202,906
2023-05-09,83,82,410,398,43,197,733
2023-05-10,111,106,311,299,43,182,647
2023-05-11,79,74,399,387,44,124,646
2023-05-12,55,48,324,319,37,58,474
2023-05-13,6,6,31,31,0,0,37
2023-05-14,0,0,20,19,0,0,20
2023-05-15,83,77,455,441,62,152,752
2023-05-16,66,57,435,423,55,169,725
2023-05-17,103,93,483,466,67,258,911
2023-05-18,74,70,374,354,20,139,607
2023-05-19,65,62,269,262,30,130,494
2023-05-20,6,3,17,15,0,0,23
2023-05-21,4,4,3,2,0,0,7
2023-05-22,76,74,334,313,24,150,584
2023-05-23,59,50,400,383,25,179,663
2023-05-24,92,86,455,437,28,109,684
2023-05-25,43,39,654,632,14,178,889
2023-05-26,31,28,371,358,19,140,561
2023-05-27,1,1,23,22,0,0,24
2023-05-28,4,4,0,0,0,0,4
2023-05-29,5,4,22,22,0,1,28
2023-05-30,58,54,500,485,23,214,795
2023-05-31,71,64,410,399,22,151,654
2023-06-01,184,173,637,620,69,176,1066
2023-06-02,110,98,357,346,93,154,714
2023-06-03,2,2,64,64,0,0,66
2023-06-04,26,26,50,49,0,0,76
2023-06-05,120,111,389,376,100,202,811
2023-06-06,104,102,597,582,79,191,971
2023-06-07,126,113,392,384,65,161,744
2023-06-08,136,126,512,496,63,154,865
2023-06-09,83,76,426,417,68,206,783
2023-06-10,13,13,148,148,0,0,161
2023-06-11,4,4,18,18,0,0,22
2023-06-12,130,113,511,492,36,187,864
2023-06-13,86,75,445,423,46,218,795
2023-06-14,82,78,474,454,31,180,767
2023-06-15,96,90,502,488,53,136,787
2023-06-16,70,65,268,255,39,165,542
2023-06-17,4,4,3,3,0,0,7
2023-06-18,5,5,16,15,0,0,21
2023-06-19,76,75,233,229,0,0,309
2023-06-20,74,69,378,363,27,224,703
2023-06-21,116,104,566,546,29,198,909
2023-06-22,69,66,613,588,41,164,887
2023-06-23,53,52,233,227,27,206,519
2023-06-24,1,1,8,5,0,1,10
2023-06-25,3,3,31,30,0,0,34
2023-06-26,53,47,243,224,33,156,485
2023-06-27,43,41,590,565,37,169,839
2023-06-28,89,83,468,455,27,174,758
2023-06-29,92,86,653,638,17,142,904
2023-06-30,33,31,354,329,34,253,674
2023-07-01,7,6,1,1,0,0,8
2023-07-02,8,8,32,32,0,0,40
2023-07-03,134,127,246,245,90,176,646
2023-07-04,8,8,43,43,1,0,52
2023-07-05,113,101,573,561,38,196,920
2023-07-06,138,129,572,554,58,232,1000
2023-07-07,128,125,408,391,65,126,727
2023-07-08,3,1,37,31,0,0,40
2023-07-09,10,9,8,8,0,0,18
2023-07-10,128,117,396,383,53,113,690
2023-07-11,124,113,631,616,119,178,1052
2023-07-12,137,131,461,447,54,98,750
2023-07-13,89,83,586,564,66,269,1010
2023-07-14,89,81,375,361,49,185,698
2023-07-15,4,4,14,14,0,0,18
2023-07-16,2,2,46,44,0,0,48
2023-07-17,107,103,351,335,47,243,748
2023-07-18,97,92,523,508,42,128,790
2023-07-19,154,147,353,337,44,241,792
2023-07-20,130,130,424,411,51,138,743
2023-07-21,55,53,226,219,62,106,449
2023-07-22,43,43,46,46,0,0,89
2023-07-23,2,2,8,7,0,0,10
2023-07-24,77,73,333,318,34,125,569
2023-07-25,80,75,638,624,31,209,958
2023-07-26,61,59,447,437,35,167,710
2023-07-27,103,100,361,345,36,176,676
2023-07-28,37,34,321,308,41,215,614
2023-07-29,15,14,3,3,0,0,18
2023-07-30,9,9,17,14,0,0,26
2023-07-31,95,93,479,459,27,131,732
2023-08-01,157,150,538,521,94,185,974
2023-08-02,146,137,429,421,83,201,859
2023-08-03,156,140,596,583,61,134,947
2023-08-04,110,101,437,420,56,131,734
2023-08-05,5,5,3,3,0,0,8
2023-08-06,6,6,19,19,0,0,25
2023-08-07,109,103,399,382,51,140,699
2023-08-08,126,118,406,377,66,176,774
2023-08-09,94,88,571,552,62,284,1011
2023-08-10,80,77,431,419,38,208,757
2023-08-11,84,80,392,381,75,182,733
2023-08-12,2,2,7,7,0,0,9
2023-08-13,9,9,15,15,0,0,24
2023-08-14,83,80,514,500,61,283,941
2023-08-15,96,91,527,508,51,210,884
2023-08-16,80,77,420,407,37,160,697
2023-08-17,72,63,563,542,44,193,872
2023-08-18,62,59,405,397,33,171,671
2023-08-19,6,6,82,82,0,0,88
2023-08-20,4,3,47,46,0,0,51
2023-08-21,56,52,355,341,32,100,543
2023-08-22,75,70,415,401,40,146,676
2023-08-23,90,86,357,345,37,122,606
2023-08-24,38,37,460,438,31,180,709
2023-08-25,81,76,286,272,32,268,667
2023-08-26,1,1,2,2,0,0,3
2023-08-27,12,12,43,43,0,0,55
2023-08-28,39,37,483,474,24,183,729
2023-08-29,51,45,455,435,85,253,844
2023-08-30,68,63,362,342,24,120,574
2023-08-31,59,58,646,626,25,144,874
2023-09-01,151,142,240,232,63,181,635
2023-09-02,3,3,14,14,0,0,17
2023-09-03,8,8,55,54,0,0,63
2023-09-04,18,17,42,40,0,0,60
2023-09-05,154,143,436,418,55,195,840
2023-09-06,116,108,504,484,55,190,865
2023-09-07,137,136,557,545,61,226,981
2023-09-08,98,93,369,341,86,258,811
2023-09-09,12,9,17,17,0,0,29
2023-09-10,9,9,14,13,0,0,23
2023-09-11,122,113,446,422,58,148,774
2023-09-12,102,93,549,508,38,276,965
2023-09-13,79,72,411,401,47,179,716
2023-09-14,74,68,453,436,66,194,787
2023-09-15,109,105,338,319,58,161,666
2023-09-16,8,8,15,15,0,0,23
2023-09-17,7,7,28,28,0,0,35
2023-09-18,86,81,457,443,37,196,776
2023-09-19,75,74,436,424,24,120,655
2023-09-20,77,74,466,452,35,169,747
2023-09-21,58,55,405,390,23,89,575
2023-09-22,60,59,397,380,66,168,691
2023-09-23,6,6,11,9,0,0,17
2023-09-24,3,3,8,7,0,0,11
2023-09-25,58,57,330,323,37,206,631
2023-09-26,60,58,448,431,26,176,710
2023-09-27,52,50,472,420,77,248,849
2023-09-28,64,56,471,434,37,166,738
2023-09-29,59,54,238,222,22,145,464
2023-09-30,3,2,39,39,0,0,42
2023-10-01,5,5,25,25,0,0,30
2023-10-02,127,109,369,356,53,129,678
2023-10-03,136,125,249,236,62,208,655
2023-10-04,114,105,357,348,55,138,664
2023-10-05,182,166,252,243,75,223,732
2023-10-06,114,110,478,463,82,174,848
2023-10-07,7,7,130,130,0,0,137
2023-10-08,4,4,6,6,0,0,10
2023-10-09,54,54,257,250,0,0,311
2023-10-10,131,126,485,464,69,251,936
2023-10-11,103,96,380,360,34,187,704
2023-10-12,105,98,404,386,32,193,734
2023-10-13,57,55,362,355,54,271,744
2023-10-14,4,4,43,43,0,1,48
2023-10-15,17,14,53,51,0,0,70
2023-10-16,76,65,565,548,40,151,832
2023-10-17,97,91,737,714,39,161,1034
2023-10-18,92,81,358,338,28,219,697
2023-10-19,97,91,430,412,65,155,747
2023-10-20,83,81,334,304,42,142,601
2023-10-21,6,6,14,14,0,0,20
2023-10-22,5,5,28,27,0,0,33
2023-10-23,66,54,461,450,28,193,748
2023-10-24,83,77,425,410,47,138,693
2023-10-25,48,43,462,451,38,245,793
2023-10-26,49,47,522,505,21,132,724
2023-10-27,80,79,239,224,25,241,585
2023-10-28,2,2,118,117,0,0,120
2023-10-29,1,1,27,27,0,0,28
2023-10-30,52,50,434,422,25,162,673
2023-10-31,81,80,380,354,23,155,639
2023-11-01,146,133,402,379,71,226,845
2023-11-02,174,164,346,321,67,138,725
2023-11-03,102,97,270,232,93,213,678
2023-11-04,15,13,21,21,0,2,38
2023-11-05,2,2,38,37,0,0,40
2023-11-06,144,138,502,476,79,158,883
2023-11-07,159,149,399,358,1,1,560
2023-11-08,124,117,514,497,56,196,890
2023-11-09,137,125,648,636,93,244,1122
2023-11-10,68,66,301,278,0,0,369
2023-11-11,4,4,52,52,0,1,57
2023-11-12,6,6,6,6,0,0,12
2023-11-13,92,83,479,465,51,154,776
2023-11-14,135,129,499,477,58,284,976
2023-11-15,93,86,473,462,52,246,864
2023-11-16,68,64,442,421,48,269,827
2023-11-17,71,62,315,303,30,170,586
2023-11-18,7,7,18,18,0,0,25
2023-11-19,8,8,8,8,0,0,16
2023-11-20,56,52,265,248,61,235,617
2023-11-21,74,71,545,535,45,185,849
2023-11-22,69,68,379,351,33,144,625
2023-11-23,4,4,0,0,0,0,4
2023-11-24,22,21,54,52,15,100,191
2023-11-25,7,7,3,3,0,0,10
2023-11-26,13,13,30,27,0,0,43
2023-11-27,60,56,368,351,36,109,573
2023-11-28,53,51,542,526,32,147,774
2023-11-29,78,72,423,404,46,214,761
2023-11-30,71,68,592,579,33,171,867
2023-12-01,165,159,288,280,76,179,708
2023-12-02,19,17,47,47,0,0,66
2023-12-03,9,9,57,27,0,0,66
2023-12-04,156,147,355,317,68,160,739
2023-12-05,155,145,423,400,65,157,800
2023-12-06,146,136,518,473,49,197,910
2023-12-07,181,167,608,583,38,112,939
2023-12-08,98,94,413,394,50,147,708
2023-12-09,7,7,33,33,0,0,40
2023-12-10,6,6,42,41,0,0,48
2023-12-11,94,91,345,324,52,224,715
2023-12-12,104,101,440,426,44,140,728
2023-12-13,112,108,521,504,31,141,805
2023-12-14,99,94,594,578,38,217,948
2023-12-15,90,77,532,522,51,211,884
2023-12-16,6,6,32,31,0,0,38
2023-12-17,5,5,16,16,0,0,21
2023-12-18,93,89,430,409,32,124,679
2023-12-19,71,66,486,471,31,144,732
2023-12-20,63,59,386,375,36,180,665
2023-12-21,61,57,363,351,33,132,589
2023-12-22,91,89,235,221,44,199,569
2023-12-23,1,1,31,30,0,0,32
2023-12-24,5,5,13,11,0,0,18
2023-12-25,1,1,11,10,0,1,13
2023-12-26,59,57,313,294,20,75,467
2023-12-27,87,81,448,435,23,146,704
2023-12-28,55,51,508,502,26,178,767
2023-12-29,53,52,387,375,27,100,567
2023-12-30,1,1,3,3,0,0,4
2023-12-31,4,4,8,8,0,0,12
2024-01-01,11,11,18,18,0,1,30
2024-01-02,186,171,371,362,61,152,770
2024-01-03,145,140,294,284,33,185,657
2024-01-04,118,114,455,434,65,183,821
2024-01-05,92,87,358,353,71,166,687
2024-01-06,32,31,3,3,0,0,35
2024-01-07,10,10,26,23,0,0,36
2024-01-08,106,99,425,403,98,286,915
2024-01-09,133,122,561,538,57,215,966
2024-01-10,120,115,509,490,31,153,813
2024-01-11,131,126,519,505,62,224,936
2024-01-12,80,69,225,218,50,149,504
2024-01-13,9,9,85,85,0,0,94
2024-01-14,6,6,25,25,0,0,31
2024-01-15,58,54,249,240,0,0,307
2024-01-16,100,95,454,422,63,212,829
2024-01-17,56,55,496,478,46,163,761
2024-01-18,96,91,471,451,39,159,765
2024-01-19,64,54,216,206,36,153,469
2024-01-20,21,21,43,42,0,0,64
2024-01-21,4,4,12,8,0,0,16
2024-01-22,110,106,284,272,55,245,694
2024-01-23,70,68,490,479,39,207,806
2024-01-24,66,61,309,290,30,149,554
2024-01-25,79,75,237,224,31,195,542
2024-01-26,66,63,371,361,24,215,676
2024-01-27,2,2,21,21,0,0,23
2024-01-28,3,2,45,45,0,0,48
2024-01-29,72,68,280,266,17,162,531
2024-01-30,63,58,393,380,43,240,739
2024-01-31,71,68,394,380,32,171,668
2024-02-01,130,112,464,445,56,187,837
2024-02-02,166,155,340,334,64,181,751
2024-02-03,10,10,35,33,0,0,45
2024-02-04,17,17,3,3,0,0,20
2024-02-05,154,142,328,311,78,307,867
2024-02-06,159,157,413,394,52,136,760
2024-02-07,123,114,514,493,65,146,848
2024-02-08,152,142,367,347,52,176,747
2024-02-09,113,110,357,347,58,239,767
2024-02-10,6,6,33,33,0,0,39
2024-02-11,4,4,10,10,0,0,14
2024-02-12,109,103,341,324,0,1,451
2024-02-13,83,80,347,339,39,208,677
2024-02-14,102,94,422,408,61,148,733
2024-02-15,108,103,405,390,60,253,826
2024-02-16,97,91,392,380,34,200,723
2024-02-17,6,5,37,37,0,0,43
2024-02-18,3,2,42,39,1,1,47
2024-02-19,23,21,48,45,0,0,71
2024-02-20,109,103,307,296,45,158,619
2024-02-21,93,88,413,395,57,119,682
2024-02-22,68,61,410,394,56,209,743
2024-02-23,74,71,507,491,17,269,867
2024-02-24,3,3,35,35,0,0,38
2024-02-25,1,1,32,31,0,0,33
2024-02-26,73,67,437,423,24,171,705
2024-02-27,84,76,323,301,26,141,574
2024-02-28,40,38,402,386,22,178,642
2024-02-29,51,46,458,444,25,163,697
2024-03-01,152,134,445,426,78,247,922
2024-03-02,12,11,83,83,0,0,95
2024-03-03,20,19,18,16,0,0,38
2024-03-04,155,146,290,269,60,177,682
2024-03-05,119,112,369,337,60,149,697
2024-03-06,144,136,634,614,86,155,1019
2024-03-07,122,116,475,459,52,196,845
2024-03-08,98,93,338,328,91,197,724
2024-03-09,8,8,31,31,0,0,39
2024-03-10,3,3,82,81,0,0,85
2024-03-11,149,146,451,435,48,212,860
2024-03-12,99,94,379,370,46,201,725
2024-03-13,82,79,372,362,32,159,645
2024-03-14,98,96,630,613,31,166,925
2024-03-15,66,63,269,249,27,158,520
2024-03-16,8,8,8,8,0,0,16
2024-03-17,13,13,38,36,0,0,51
2024-03-18,64,62,385,333,36,138,623
2024-03-19,116,109,523,504,41,159,839
2024-03-20,90,85,371,337,21,117,599
2024-03-21,58,51,585,572,26,103,772
2024-03-22,65,59,389,366,28,113,595
2024-03-23,2,2,33,31,1,2,38
2024-03-24,6,6,7,7,0,0,13
2024-03-25,60,55,508,476,27,119,714
2024-03-26,75,71,430,373,25,137,667
2024-03-27,72,67,391,364,22,155,640
2024-03-28,68,64,547,524,27,157,799
2024-03-29,48,47,321,306,36,165,570
2024-03-30,0,0,49,48,0,0,49
2024-03-31,5,5,11,10,0,0,16
2024-04-01,151,139,332,312,43,237,763
2024-04-02,141,136,281,264,56,205,683
2024-04-03,125,119,391,373,40,159,715
2024-04-04,132,120,412,392,71,151,766
2024-04-05,137,130,245,227,58,172,612
2024-04-06,4,4,28,26,0,0,32
2024-04-07,3,3,13,12,0,0,16
2024-04-08,91,83,313,293,43,207,654
2024-04-09,111,106,478,440,38,159,786
2024-04-10,119,107,374,354,41,185,719
2024-04-11,78,72,569,550,42,171,860
2024-04-12,89,86,431,407,36,213,769
2024-04-13,10,10,43,43,0,0,53
2024-04-14,7,7,82,82,0,0,89
2024-04-15,93,87,418,398,29,176,716
2024-04-16,106,97,364,345,42,152,664
2024-04-17,70,66,408,386,27,85,590
2024-04-18,98,91,383,366,58,107,646
2024-04-19,74,69,292,288,52,178,596
2024-04-20,4,4,43,43,0,0,47
2024-04-21,3,3,44,40,0,0,47
2024-04-22,59,55,365,349,27,99,550
2024-04-23,82,81,211,205,26,110,429
2024-04-24,63,59,425,401,24,112,624
2024-04-25,62,60,591,570,13,105,771
2024-04-26,36,35,318,293,41,134,529
2024-04-27,1,1,11,10,0,0,12
2024-04-28,5,4,7,7,0,0,12
2024-04-29,50,44,393,386,18,107,568
2024-04-30,85,80,326,314,17,88,516
2024-05-01,139,132,381,367,55,113,688
2024-05-02,106,98,400,387,58,196,760
2024-05-03,108,98,300,294,68,121,597
2024-05-04,7,6,74,73,0,0,81
2024-05-05,4,3,14,14,0,0,18
2024-05-06,97,94,376,353,68,191,732
2024-05-07,111,100,478,454,41,70,700
2024-05-08,98,87,342,320,32,177,649
2024-05-09,63,57,510,493,48,160,781
2024-05-10,126,113,371,354,52,177,726
2024-05-11,15,15,96,96,1,0,112
2024-05-12,16,15,7,7,0,0,23
2024-05-13,78,76,319,311,44,177,618
2024-05-14,126,114,529,507,39,285,979
2024-05-15,66,60,366,357,27,185,644
2024-05-16,101,90,564,542,43,131,839
2024-05-17,131,122,304,289,35,156,626
2024-05-18,12,11,16,15,0,0,28
2024-05-19,3,3,22,22,0,0,25
2024-05-20,90,85,318,302,61,142,611
2024-05-21,84,75,415,390,39,103,641
2024-05-22,81,78,465,438,25,125,696
2024-05-23,62,59,299,280,22,115,498
2024-05-24,61,55,331,318,27,97,516
2024-05-25,8,8,37,36,0,0,45
2024-05-26,1,1,2,2,0,0,3
2024-05-27,4,3,17,16,0,0,21
2024-05-28,70,64,363,353,28,138,599
2024-05-29,55,47,326,320,24,189,594
2024-05-30,92,88,464,438,27,221,804
2024-05-31,44,42,332,319,27,177,580
2024-06-01,6,6,13,13,0,0,19
2024-06-02,13,13,8,8,0,0,21
2024-06-03,156,143,326,313,58,109,649
2024-06-04,171,154,411,389,96,231,909
2024-06-05,118,110,487,466,46,174,825
2024-06-06,143,135,502,494,76,181,902
2024-06-07,74,70,407,396,57,137,675
2024-06-08,2,2,23,22,0,0,25
2024-06-09,15,13,35,35,0,0,50
2024-06-10,100,92,502,480,64,176,842
2024-06-11,111,104,428,406,57,242,838
2024-06-12,103,96,345,333,45,140,633
2024-06-13,81,77,387,374,34,167,669
2024-06-14,78,76,294,285,41,145,558
2024-06-15,7,7,8,8,0,0,15
2024-06-16,2,2,10,9,0,6,18
2024-06-17,82,75,236,223,27,181,526
2024-06-18,98,91,498,470,47,206,849
2024-06-19,80,75,186,178,0,0,266
2024-06-20,90,87,485,471,45,151,771
2024-06-21,79,75,383,367,34,148,644
2024-06-22,8,6,42,41,0,0,50
2024-06-23,1,1,59,59,0,0,60
2024-06-24,70,64,435,406,34,110,649
2024-06-25,93,83,501,481,16,114,724
2024-06-26,57,51,381,368,20,153,611
2024-06-27,69,68,431,415,37,137,674
2024-06-28,73,70,260,244,40,158,531
2024-06-29,7,7,1,1,0,0,8
2024-06-30,8,8,18,17,0,0,26
2024-07-01,160,152,395,385,63,149,767
2024-07-02,162,148,491,468,53,99,805
2024-07-03,125,115,373,367,106,317,921
2024-07-04,9,9,8,8,1,0,18
2024-07-05,58,54,62,61,54,131,305
2024-07-06,1,1,2,2,0,0,3
2024-07-07,6,6,58,56,0,0,64
2024-07-08,125,115,473,459,32,150,780
2024-07-09,125,117,418,394,63,132,738
2024-07-10,129,122,467,448,51,204,851
2024-07-11,188,172,354,332,68,170,780
2024-07-12,94,83,314,296,43,197,648
2024-07-13,3,3,0,0,0,0,3
2024-07-14,11,11,17,17,0,0,28
2024-07-15,71,66,358,335,53,191,673
2024-07-16,95,91,503,474,45,118,761
2024-07-17,117,111,350,338,40,143,650
2024-07-18,78,73,489,483,49,157,773
2024-07-19,70,66,383,377,31,72,556
2024-07-20,4,3,21,21,0,0,25
2024-07-21,12,9,22,22,0,0,34
2024-07-22,97,94,448,431,40,185,770
2024-07-23,78,75,348,327,33,159,618
2024-07-24,86,77,323,309,32,103,544
2024-07-25,52,43,333,325,40,197,622
2024-07-26,78,71,257,241,38,138,511
2024-07-27,2,1,15,15,0,0,17
2024-07-28,1,1,43,10,0,0,44
2024-07-29,64,61,300,297,52,244,660
2024-07-30,75,69,459,447,17,164,715
2024-07-31,72,61,329,321,27,159,587
2024-08-01,174,155,355,345,52,137,718
2024-08-02,109,101,253,243,73,203,638
2024-08-03,8,8,12,11,0,0,20
2024-08-04,11,10,24,18,0,2,37
2024-08-05,133,127,529,516,47,239,948
2024-08-06,155,146,439,414,61,192,847
2024-08-07,113,109,607,584,72,262,1054
2024-08-08,69,66,352,342,67,205,693
2024-08-09,48,47,273,266,84,189,594
2024-08-10,5,5,16,16,0,0,21
2024-08-11,9,8,5,5,0,0,14
2024-08-12,105,100,624,599,35,261,1025
2024-08-13,71,63,365,339,44,149,629
2024-08-14,62,59,390,375,37,100,589
2024-08-15,89,84,431,420,26,186,732
2024-08-16,47,43,338,326,49,176,610
2024-08-17,14,14,16,15,0,0,30
2024-08-18,2,2,20,20,0,0,22
2024-08-19,56,54,316,303,49,134,555
2024-08-20,59,52,322,305,27,200,608
2024-08-21,42,39,210,198,32,135,419
2024-08-22,53,50,341,331,26,164,584
2024-08-23,42,41,229,216,31,132,434
2024-08-24,0,0,10,9,0,0,10
2024-08-25,2,2,18,18,0,0,20
2024-08-26,33,25,551,516,35,153,772
2024-08-27,48,47,376,363,31,200,655
2024-08-28,52,50,295,283,23,166,536
2024-08-29,33,33,329,326,58,201,621
2024-08-30,25,24,245,225,17,195,482
2024-08-31,1,1,2,1,0,0,3
2024-09-01,0,0,2,1,0,0,2
2024-09-02,4,4,25,24,0,0,29
2024-09-03,73,69,268,254,33,126,500
2024-09-04,80,76,461,447,39,168,748
2024-09-05,65,58,334,318,52,146,597
2024-09-06,67,61,232,223,69,200,568
2024-09-07,4,3,30,30,0,0,34
2024-09-08,1,1,6,5,0,0,7
2024-09-09,42,38,283,275,53,128,506
2024-09-10,52,48,319,302,41,154,566
2024-09-11,36,33,398,385,11,220,665
2024-09-12,48,45,459,448,48,158,713
2024-09-13,45,43,184,175,47,185,461
2024-09-14,0,0,37,37,0,0,37
2024-09-15,0,0,5,5,1,0,6
2024-09-16,54,53,212,200,41,123,430
2024-09-17,45,39,181,167,66,166,458
2024-09-18,54,49,230,218,37,184,505
2024-09-19,46,44,297,287,42,119,504
2024-09-20,49,43,204,192,30,99,382
2024-09-21,2,2,9,9,0,0,11
2024-09-22,2,2,2,2,0,0,4
2024-09-23,22,21,254,247,23,136,435
2024-09-24,34,33,276,262,23,139,472
2024-09-25,42,40,141,121,21,239,443
2024-09-26,30,27,46,45,27,129,232
2024-09-27,6,6,3,3,11,59,79
2024-09-28,0,0,1,1,0,0,1
2024-09-29,0,0,0,0,0,0,0
