zipcode,filings_since_032320,unitsres_total,unitsrental,filingsrate_2plus
10001,1977,23099,23073,85
10002,3835,36923,36916,103
10003,1385,34095,34034,40
10004,141,4187,4187,33
10005,592,6135,6135,96
10006,187,3219,3219,58
10007,175,4594,4566,38
10009,2743,33863,33856,81
10010,844,20031,20026,42
10011,1680,34353,34201,49
10012,734,15228,15209,48
10013,732,19934,19893,36
10014,1060,22878,22611,46
10016,2110,46027,45976,45
10017,579,13729,13706,42
10018,889,7536,7536,117
10019,3283,39075,39070,84
10021,1141,30836,30641,37
10022,1074,27891,27837,38
10023,1918,44070,43992,43
10024,1881,37150,37016,50
10025,4967,48257,48193,103
10026,5140,15392,15373,334
10027,5929,28683,28593,207
10028,1344,30517,30376,44
10029,7195,35142,35120,204
10030,5807,32236,32101,180
10031,8193,22149,22030,371
10032,7801,22489,22455,347
10033,6161,20323,20314,303
10034,6046,15812,15803,382
10035,5196,17744,17721,293
10036,2970,36921,36915,80
10037,4152,11084,11077,374
10038,881,14930,14927,59
10039,5322,11733,11732,453
10040,5819,16083,16081,361
10044,698,11951,11951,58
10065,1071,22961,22750,47
10069,215,4726,4726,45
10075,697,18291,18196,38
10119,1,0,0,
10128,1840,35856,35627,51
10155,1,0,0,
10158,1,0,0,
10169,1,0,,
10176,1,0,0,
10280,480,4873,4873,98
10282,94,3476,3476,27
10301,2856,16430,12460,229
10302,732,6403,4073,179
10303,1665,8456,5171,321
10304,3092,16063,9894,312
10305,888,15383,8819,100
10306,1335,21631,9971,133
10307,149,5445,3191,46
10308,287,10487,4681,61
10309,313,12576,7406,42
10310,935,8897,5138,181
10312,437,22584,9297,47
10314,1260,32556,19792,63
10451,11419,21375,21328,535
10452,18454,28291,28221,653
10453,19868,33545,33386,595
10454,6044,15600,15395,392
10455,7746,17360,17224,449
10456,17685,33063,32778,539
10457,18255,29899,29584,617
10458,17502,29560,29338,596
10459,9941,19164,18817,528
10460,13334,23840,23607,564
10461,3403,20297,18125,187
10462,12001,32348,31662,379
10463,7321,31371,30624,239
10464,136,2172,1319,103
10465,1249,16083,12289,101
10466,7300,23746,20972,348
10467,18196,47999,47433,383
10468,16863,26547,26335,640
10469,4694,22403,18118,259
10470,1628,6621,5936,274
10471,1095,10220,8953,122
10472,7847,22272,21915,358
10473,5663,22742,21415,264
10474,2339,4071,4066,575
10475,1890,17516,17352,108
11001,48,1443,456,105
11004,202,5006,2768,72
11005,12,1844,1844,6
11040,14,975,452,30
11096,1,0,,
11101,2857,31449,30974,92
11102,1640,17021,16852,97
11103,1097,17287,16908,64
11104,1656,13138,12728,130
11105,1732,16710,15771,109
11106,1753,19949,19762,88
11109,376,3352,3352,112
11201,2501,41563,40872,61
11203,7275,27575,23738,306
11204,1718,29574,27516,62
11205,2176,18613,18470,117
11206,4912,35607,35499,138
11207,11738,34090,31966,367
11208,8353,30304,28525,292
11209,2719,32769,29807,91
11210,6697,23331,18202,367
11211,2553,30426,30224,84
11212,12377,33193,31611,391
11213,8756,26637,25920,337
11214,3491,33308,32250,108
11215,1038,33236,32317,32
11216,5052,26950,26550,190
11217,2039,21878,21611,94
11218,2635,27071,25691,102
11219,1875,29025,28595,65
11220,2289,29506,28897,79
11221,7314,35004,34626,211
11222,1695,21911,21712,78
11223,3068,29056,26525,115
11224,4332,21290,20068,215
11225,8462,25017,23741,356
11226,16614,40532,39402,421
11228,519,15794,13381,38
11229,2948,31521,25316,116
11230,5404,32306,29066,185
11231,1110,18201,17872,62
11232,769,9332,9211,83
11233,8629,29472,29274,294
11234,2139,31072,20488,104
11235,4196,36418,34337,122
11236,3888,31007,28072,138
11237,2061,17449,17343,118
11238,3863,30015,29698,130
11239,4825,10059,9752,494
11249,2169,17824,17781,121
11354,2121,60509,58471,36
11355,3275,31886,29501,111
11356,503,8406,7012,71
11357,398,15989,9324,42
11358,733,13941,8585,85
11360,381,9159,7677,49
11361,522,11158,7295,71
11362,142,7001,4300,33
11363,171,2768,1130,151
11364,688,13920,9428,72
11365,2688,16834,12291,218
11366,225,8061,5353,42
11367,1270,14651,11230,113
11368,9532,30498,29927,318
11369,737,10700,8682,84
11370,490,9435,8264,59
11371,3,0,0,
11372,3748,24863,24302,154
11373,4563,34441,32996,138
11374,3086,20592,18793,164
11375,2972,34453,29781,99
11377,2966,38680,36967,80
11378,562,13630,11149,50
11379,680,15135,10796,62
11385,2514,37861,35291,71
11411,380,5995,1412,269
11412,1220,11348,5400,225
11413,1345,12402,5995,224
11414,387,10696,7190,53
11415,1780,9195,8581,207
11416,639,7157,6393,99
11417,804,9536,7200,111
11418,1420,11518,9866,143
11419,1029,12164,8973,114
11420,996,13357,8461,117
11421,1132,12198,9652,117
11422,895,9626,5871,152
11423,1699,10091,6660,255
11426,270,6395,2909,92
11427,903,7734,4504,200
11428,620,5702,2489,249
11429,630,7155,3055,206
11430,2,0,0,
11432,5586,20700,17071,327
11433,2047,10800,7832,261
11434,4737,21579,15628,303
11435,5218,20528,18267,285
11436,543,6227,3434,158
11691,8972,21260,18956,473
11692,2296,8124,7728,297
11693,634,4691,3710,170
11694,1093,9426,7554,144
11697,2,2838,2837,0
07731,1,,,
11167,1,,,
11791,1,,,
11581,1,,,
11405,1,,,
11501,2,,,
10543,3,,,
10546,1,,,
11961,1,,,
11227,3,,,
12231,1,,,
11467,1,,,
10568,2,,,
00000,127,,,
11247,1,,,
11410,1,,,
11963,1,,,
10704,1,,,
10056,1,,,
12113,1,,,
11246,1,,,
10476,5,,,
10528,1,,,
11637,1,,,
10112,1,,,
11280,1,,,
10801,1,,,
11332,1,,,
12249,1,,,
11336,1,,,
19468,2,,,
11459,1,,,
11352,2,,,
11790,1,,,
10132,1,,,
11699,1,,,
14413,1,,,
10542,3,,,
99999,19,,,
10411,2,,,
11381,1,,,
11026,1,,,
11962,4,,,
11462,1,,,
10111,2,,,
10368,1,,,
11382,1,,,
10560,1,,,
11580,3,,,
20027,1,,,
19458,1,,,
11737,1,,,
10373,1,,,
11202,12,,,
19472,1,,,
11619,3,,,
19451,1,,,
12220,1,,,
11255,1,,,
10402,1,,,
11431,5,,,
11242,7,,,
11042,3,,,
20456,1,,,
10549,1,,,
11521,1,,,
11322,1,,,
10567,1,,,
11696,1,,,
11010,1,,,
11481,1,,,
10640,1,,,
11346,1,,,
11027,1,,,
12035,2,,,
10126,1,,,
11376,2,,,
14063,1,,,
12225,1,,,
10279,2,,,
11538,2,,,
11266,3,,,
11573,1,,,
10450,2,,,
11386,5,,,
11383,3,,,
11030,1,,,
19462,1,,,
11335,1,,,
11479,3,,,
10162,56,,,
12236,1,,,
01042,1,,,
11021,5,,,
11478,1,,,
10054,1,,,
10555,1,,,
10554,1,,,
11443,1,,,
14058,1,,,
11003,3,,,
12226,2,,,
11425,6,,,
20467,1,,,
11424,12,,,
10520,1,,,
11023,1,,,
11002,1,,,
11463,1,,,
11384,2,,,
11395,1,,,
10362,1,,,
11563,1,,,
11442,3,,,
11345,1,,,
19459,1,,,
11351,1,,,
33579,1,,,
11488,2,,,
11111,4,,,
11474,1,,,
11347,6,,,
10041,1,,,
11732,1,,,
11472,1,,,
11348,1,,,
12221,1,,,
11437,1,,,
11461,2,,,
10551,1,,,
11629,1,,,
10125,1,,,
