day,active_cases
2015-12-28,0
2016-01-04,72
2016-01-11,159
2016-01-18,207
2016-01-25,258
2016-02-01,328
2016-02-08,375
2016-02-15,471
2016-02-22,565
2016-02-29,632
2016-03-07,675
2016-03-14,725
2016-03-21,797
2016-03-28,840
2016-04-04,889
2016-04-11,944
2016-04-18,984
2016-04-25,1050
2016-05-02,1089
2016-05-09,1144
2016-05-16,1183
2016-05-23,1225
2016-05-30,1270
2016-06-06,1314
2016-06-13,1376
2016-06-20,1427
2016-06-27,1482
2016-07-04,1521
2016-07-11,1596
2016-07-18,1675
2016-07-25,1721
2016-08-01,1754
2016-08-08,1841
2016-08-15,1896
2016-08-22,1937
2016-08-29,1963
2016-09-05,2000
2016-09-12,2059
2016-09-19,2143
2016-09-26,2200
2016-10-03,2252
2016-10-10,2316
2016-10-17,2392
2016-10-24,2432
2016-10-31,2486
2016-11-07,2541
2016-11-14,2620
2016-11-21,2687
2016-11-28,2760
2016-12-05,2845
2016-12-12,2917
2016-12-19,2985
2016-12-26,3024
2017-01-02,3065
2017-01-09,3127
2017-01-16,3191
2017-01-23,3251
2017-01-30,3338
2017-02-06,3425
2017-02-13,3489
2017-02-20,3540
2017-02-27,3598
2017-03-06,3658
2017-03-13,3707
2017-03-20,3765
2017-03-27,3817
2017-04-03,3883
2017-04-10,3941
2017-04-17,3977
2017-04-24,4030
2017-05-01,4067
2017-05-08,4127
2017-05-15,4166
2017-05-22,4216
2017-05-29,4242
2017-06-05,4299
2017-06-12,4344
2017-06-19,4397
2017-06-26,4445
2017-07-03,4464
2017-07-10,4545
2017-07-17,4599
2017-07-24,4641
2017-07-31,4680
2017-08-07,4770
2017-08-14,4806
2017-08-21,4853
2017-08-28,4891
2017-09-04,4950
2017-09-11,5000
2017-09-18,5041
2017-09-25,5092
2017-10-02,5137
2017-10-09,5197
2017-10-16,5274
2017-10-23,5331
2017-10-30,5390
2017-11-06,5452
2017-11-13,5506
2017-11-20,5535
2017-11-27,5571
2017-12-04,5635
2017-12-11,5694
2017-12-18,5780
2017-12-25,5819
2018-01-01,5860
2018-01-08,5935
2018-01-15,6009
2018-01-22,6078
2018-01-29,6146
2018-02-05,6241
2018-02-12,6330
2018-02-19,6385
2018-02-26,6449
2018-03-05,6549
2018-03-12,6601
2018-03-19,6645
2018-03-26,6721
2018-04-02,6807
2018-04-09,6873
2018-04-16,6919
2018-04-23,6957
2018-04-30,7033
2018-05-07,7106
2018-05-14,7160
2018-05-21,7200
2018-05-28,7244
2018-06-04,7334
2018-06-11,7408
2018-06-18,7478
2018-06-25,7536
2018-07-02,7580
2018-07-09,7673
2018-07-16,7763
2018-07-23,7839
2018-07-30,7908
2018-08-06,7969
2018-08-13,8037
2018-08-20,8125
2018-08-27,8195
2018-09-03,8242
2018-09-10,8306
2018-09-17,8373
2018-09-24,8438
2018-10-01,8497
2018-10-08,8562
2018-10-15,8650
2018-10-22,8713
2018-10-29,8800
2018-11-05,8887
2018-11-12,8951
2018-11-19,9042
2018-11-26,9103
2018-12-03,9184
2018-12-10,9271
2018-12-17,9387
2018-12-24,9429
2018-12-31,9497
2019-01-07,9582
2019-01-14,9665
2019-01-21,9753
2019-01-28,9815
2019-02-04,9914
2019-02-11,9997
2019-02-18,10053
2019-02-25,10113
2019-03-04,10171
2019-03-11,10264
2019-03-18,10343
2019-03-25,10399
2019-04-01,10489
2019-04-08,10568
2019-04-15,10624
2019-04-22,10685
2019-04-29,10747
2019-05-06,10841
2019-05-13,10958
2019-05-20,11029
2019-05-27,11075
2019-06-03,11168
2019-06-10,11242
2019-06-17,11308
2019-06-24,11339
2019-07-01,11364
2019-07-08,11406
2019-07-15,11463
2019-07-22,11494
2019-07-29,11560
2019-08-05,11627
2019-08-12,11731
2019-08-19,11811
2019-08-26,11915
2019-09-02,11985
2019-09-09,12084
2019-09-16,12187
2019-09-23,12279
2019-09-30,12402
2019-10-07,12510
2019-10-14,12606
2019-10-21,12706
2019-10-28,12848
2019-11-04,12964
2019-11-11,13067
2019-11-18,13227
2019-11-25,13332
2019-12-02,13487
2019-12-09,13675
2019-12-16,13853
2019-12-23,13930
2019-12-30,14035
2020-01-06,14253
2020-01-13,14485
2020-01-20,14672
2020-01-27,14869
2020-02-03,15130
2020-02-10,15355
2020-02-17,15589
2020-02-24,15845
2020-03-02,16214
2020-03-09,16429
2020-03-16,16586
2020-03-23,16586
2020-04-06,16586
2020-04-13,16587
2020-04-27,16587
2020-05-11,16587
2020-05-25,16587
2020-06-01,16587
2020-06-08,16587
2020-06-15,16587
2020-06-22,16589
2020-06-29,16590
2020-07-06,16604
2020-07-13,16635
2020-07-20,16663
2020-07-27,16717
2020-08-03,16758
2020-08-10,16823
2020-08-17,16909
2020-08-24,17052
2020-08-31,17174
2020-09-07,17282
2020-09-14,17391
2020-09-21,17505
2020-09-28,17601
2020-10-05,17709
2020-10-12,17808
2020-10-19,17924
2020-10-26,18081
2020-11-02,18285
2020-11-09,18423
2020-11-16,18590
2020-11-23,18725
2020-11-30,18845
2020-12-07,18969
2020-12-14,19140
2020-12-21,19304
2020-12-28,19340
2021-01-04,19350
2021-01-11,19370
2021-01-18,19384
2021-01-25,19404
2021-02-01,19423
2021-02-08,19465
2021-02-15,19498
2021-02-22,19582
2021-03-01,19671
2021-03-08,19740
2021-03-15,19789
2021-03-22,19900
2021-03-29,20034
2021-04-05,20148
2021-04-12,20243
2021-04-19,20363
2021-04-26,20494
2021-05-03,20629
2021-05-10,20759
2021-05-17,20910
2021-05-24,21013
2021-05-31,21128
2021-06-07,21282
2021-06-14,21388
2021-06-21,21479
2021-06-28,21577
2021-07-05,21645
2021-07-12,21744
2021-07-19,21851
2021-07-26,21938
2021-08-02,22039
2021-08-09,22172
2021-08-16,22299
2021-08-23,22485
2021-08-30,22578
2021-09-06,22607
2021-09-13,22660
2021-09-20,22751
2021-09-27,22840
2021-10-04,22939
2021-10-11,23054
2021-10-18,23162
2021-10-25,23244
2021-11-01,23355
2021-11-08,23445
2021-11-15,23560
2021-11-22,23632
2021-11-29,23772
2021-12-06,23884
2021-12-13,23986
2021-12-20,24046
2021-12-27,24148
2022-01-03,24224
2022-01-10,24358
2022-01-17,24735
2022-01-24,25185
2022-01-31,25637
2022-02-07,26155
2022-02-14,26690
2022-02-21,27277
2022-02-28,27783
2022-03-07,28384
2022-03-14,29040
2022-03-21,29649
2022-03-28,30281
2022-04-04,30917
2022-04-11,31538
2022-04-18,32268
2022-04-25,32933
2022-05-02,33602
2022-05-09,34353
2022-05-16,35059
2022-05-23,35698
2022-05-30,36242
2022-06-06,37127
2022-06-13,37709
2022-06-20,38168
2022-06-27,39005
2022-07-04,39574
2022-07-11,40212
2022-07-18,41025
2022-07-25,41581
2022-08-01,42174
2022-08-08,42778
2022-08-15,43273
2022-08-22,43667
2022-08-29,44239
2022-09-05,44740
2022-09-12,45285
2022-09-19,45923
2022-09-26,46458
2022-10-03,46996
2022-10-10,47579
2022-10-17,48070
2022-10-24,48561
2022-10-31,49160
2022-11-07,49700
2022-11-14,50178
2022-11-21,50549
2022-11-28,51129
2022-12-05,51679
2022-12-12,52198
2022-12-19,52786
2022-12-26,53236
2023-01-02,53631
2023-01-09,54382
2023-01-16,54926
2023-01-23,55489
2023-01-30,55929
2023-02-06,56419
2023-02-13,56859
2023-02-20,57308
2023-02-27,57819
2023-03-06,58394
2023-03-13,58914
2023-03-20,59431
2023-03-27,59949
2023-04-03,60331
2023-04-10,60818
2023-04-17,61325
2023-04-24,61896
2023-05-01,62473
2023-05-08,62916
2023-05-15,63352
2023-05-22,63839
2023-05-29,64280
2023-06-05,64801
2023-06-12,65230
2023-06-19,65586
2023-06-26,66067
2023-07-03,66440
2023-07-10,66965
2023-07-17,67350
2023-07-24,67768
2023-07-31,68255
2023-08-07,68701
2023-08-14,69119
2023-08-21,69484
2023-08-28,69862
2023-09-04,70257
2023-09-11,70682
2023-09-18,71119
2023-09-25,71485
2023-10-02,71855
2023-10-09,72212
2023-10-16,72687
2023-10-23,73068
2023-10-30,73471
2023-11-06,73919
2023-11-13,74330
2023-11-20,74576
2023-11-27,75024
2023-12-04,75479
2023-12-11,75906
2023-12-18,76266
2023-12-25,76611
2024-01-01,76885
2024-01-08,77353
2024-01-15,77739
2024-01-22,78105
2024-01-29,78463
2024-02-05,78889
2024-02-12,79274
2024-02-19,79585
2024-02-26,79965
2024-03-04,80405
2024-03-11,80788
2024-03-18,81146
2024-03-25,81509
2024-04-01,81810
2024-04-08,82220
2024-04-15,82532
2024-04-22,82863
2024-04-29,83191
2024-05-06,83551
2024-05-13,83925
2024-05-20,84309
2024-05-27,84564
2024-06-03,85020
2024-06-10,85383
2024-06-17,85737
2024-06-24,86094
2024-07-01,86368
2024-07-08,86759
2024-07-15,87159
2024-07-22,87506
2024-07-29,87831
2024-08-05,88236
2024-08-12,88610
2024-08-19,88936
2024-08-26,89345
2024-09-02,89707
2024-09-09,90176
2024-09-16,90605
2024-09-23,91017
2024-09-30,91405
2024-10-07,91857
2024-10-14,92209
2024-10-21,92626
2024-10-28,93008
2024-11-04,93567
2024-11-11,93974
2024-11-18,94424
2024-11-25,94685
2024-12-02,95146
2024-12-09,95658
2024-12-16,96153
2024-12-23,96464
2024-12-30,96772
2025-01-06,97203
2025-01-13,97631
2025-01-20,98073
2025-01-27,98612
2025-02-03,99036
2025-02-10,99513
2025-02-17,99993
2025-02-24,100479
2025-03-03,100939
2025-03-10,101373
2025-03-17,101913
2025-03-24,102384
2025-03-31,102935
2025-04-07,103484
2025-04-14,103917
2025-04-21,104417
2025-04-28,104866
2025-05-05,105333
2025-05-12,105848
2025-05-19,106391
2025-05-26,106745
2025-06-02,107233
2025-06-09,107745
2025-06-16,108206
2025-06-23,108776
2025-06-30,109277
2025-07-07,109926
2025-07-14,110459
2025-07-21,111024
2025-07-28,111611
2025-08-04,112221
2025-08-11,112949
2025-08-18,113531
2025-08-25,114119
2025-09-01,114611
2025-09-08,115428
2025-09-15,116149
2025-09-22,116778
2025-09-29,117410
2025-10-06,118123
2025-10-13,118860
2025-10-20,119689
2025-10-27,120521
2025-11-03,121384
2025-11-10,122186
2025-11-17,123119
2025-11-24,123637
2025-12-01,124595
2025-12-08,125710
2025-12-15,126769
2025-12-22,127436
2025-12-29,128128
2026-01-05,129383
2026-01-12,130625
2026-01-19,131601
2026-01-26,132606
2026-02-02,133750
2026-02-09,135031
2026-02-16,136539
2026-02-23,137944
2026-03-02,139328
2026-03-09,140708
2026-03-16,142093
2026-03-23,143336
2026-03-30,144575
2026-04-06,145843
2026-04-13,147744
2026-04-20,149132
2026-04-27,150573
2026-05-04,152445
2026-05-11,154315
2026-05-18,155966
2026-05-25,157319
2026-06-01,159686
2026-06-08,161836
2026-06-15,163431
2026-06-22,165622
2026-06-29,168001
2026-07-06,170667
2026-07-13,173192
2026-07-20,175160
2026-07-27,177687
2026-08-03,180726
2026-08-10,183626
2026-08-17,186217
2026-08-24,189003
2026-08-31,192609
2026-09-07,195329
2026-09-14,197999
2026-09-21,199437
