day,judgments
2026-09-21,1781
2026-09-14,1834
2026-09-07,1523
2026-08-31,1724
2026-08-24,1951
2026-08-17,1733
2026-08-10,1795
2026-08-03,1603
2026-07-27,1755
2026-07-20,1745
2026-07-13,1630
2026-07-06,1352
2026-06-29,1218
2026-06-22,1568
2026-06-15,1375
2026-06-08,1439
2026-06-01,1374
2026-05-25,1356
2026-05-18,1298
2026-05-11,1431
2026-05-04,1557
2026-04-27,1735
2026-04-20,1623
2026-04-13,1474
2026-04-06,1231
2026-03-30,1455
2026-03-23,1573
2026-03-16,1757
2026-03-09,1488
2026-03-02,1453
2026-02-23,1310
2026-02-16,1221
2026-02-09,1196
2026-02-02,1665
2026-01-26,1216
2026-01-19,1340
2026-01-12,1445
2026-01-05,1510
2025-12-29,405
2025-12-22,864
2025-12-15,1650
2025-12-08,1624
2025-12-01,1610
2025-11-24,1036
2025-11-17,1572
2025-11-10,1264
2025-11-03,1367
2025-10-27,1684
2025-10-20,1640
2025-10-13,1172
2025-10-06,1430
2025-09-29,1381
2025-09-22,1361
2025-09-15,1362
2025-09-08,1558
2025-09-01,1212
2025-08-25,1350
2025-08-18,1847
2025-08-11,1579
2025-08-04,1613
2025-07-28,1460
2025-07-21,1517
2025-07-14,1434
2025-07-07,1380
2025-06-30,1179
2025-06-23,1281
2025-06-16,1169
2025-06-09,1255
2025-06-02,1428
2025-05-26,1157
2025-05-19,1271
2025-05-12,1311
2025-05-05,1593
2025-04-28,1549
2025-04-21,1634
2025-04-14,1318
2025-04-07,1545
2025-03-31,1587
2025-03-24,1594
2025-03-17,1607
2025-03-10,1751
2025-03-03,1702
2025-02-24,1754
2025-02-17,1493
2025-02-10,1372
2025-02-03,1901
2025-01-27,1633
2025-01-20,1549
2025-01-13,1669
2025-01-06,1513
2024-12-30,685
2024-12-23,570
2024-12-16,1728
2024-12-09,1473
2024-12-02,1539
2024-11-25,1028
2024-11-18,1686
2024-11-11,1148
2024-11-04,1113
2024-10-28,1499
2024-10-21,1559
2024-10-14,1265
2024-10-07,1387
2024-09-30,1475
2024-09-23,1584
2024-09-16,1347
2024-09-09,1398
2024-09-02,1191
2024-08-26,1230
2024-08-19,1543
2024-08-12,1300
2024-08-05,1408
2024-07-29,1488
2024-07-22,1520
2024-07-15,1415
2024-07-08,1403
2024-07-01,1075
2024-06-24,1309
2024-06-17,1397
2024-06-10,1646
2024-06-03,1686
2024-05-27,1188
2024-05-20,1584
2024-05-13,1498
2024-05-06,1676
2024-04-29,1552
2024-04-22,1390
2024-04-15,1785
2024-04-08,1694
2024-04-01,1637
2024-03-25,1589
2024-03-18,1478
2024-03-11,1694
2024-03-04,1702
2024-02-26,1557
2024-02-19,1240
2024-02-12,1219
2024-02-05,1574
2024-01-29,1622
2024-01-22,1738
2024-01-15,1359
2024-01-08,1559
2024-01-01,1254
2023-12-25,383
2023-12-18,1409
2023-12-11,1600
2023-12-04,1565
2023-11-27,1711
2023-11-20,943
2023-11-13,1794
2023-11-06,1036
2023-10-30,1765
2023-10-23,1788
2023-10-16,1648
2023-10-09,1305
2023-10-02,1692
2023-09-25,1510
2023-09-18,1477
2023-09-11,1557
2023-09-04,1171
2023-08-28,1463
2023-08-21,1609
2023-08-14,1312
2023-08-07,1481
2023-07-31,1535
2023-07-24,1615
2023-07-17,1526
2023-07-10,1388
2023-07-03,1071
2023-06-26,1417
2023-06-19,1191
2023-06-12,1398
2023-06-05,1424
2023-05-29,1409
2023-05-22,1522
2023-05-15,1671
2023-05-08,1434
2023-05-01,1551
2023-04-24,1582
2023-04-17,1570
2023-04-10,1239
2023-04-03,1297
2023-03-27,1415
2023-03-20,1376
2023-03-13,1354
2023-03-06,1427
2023-02-27,1405
2023-02-20,1094
2023-02-13,1109
2023-02-06,1363
2023-01-30,1397
2023-01-23,1330
2023-01-16,1125
2023-01-09,1285
2023-01-02,1152
2022-12-26,346
2022-12-19,1241
2022-12-12,1435
2022-12-05,1424
2022-11-28,1301
2022-11-21,903
2022-11-14,1272
2022-11-07,735
2022-10-31,1367
2022-10-24,1448
2022-10-17,1301
2022-10-10,1121
2022-10-03,1096
2022-09-26,1075
2022-09-19,1097
2022-09-12,1262
2022-09-05,945
2022-08-29,1109
2022-08-22,1073
2022-08-15,946
2022-08-08,928
2022-08-01,1054
2022-07-25,897
2022-07-18,861
2022-07-11,906
2022-07-04,683
2022-06-27,835
2022-06-20,820
2022-06-13,889
2022-06-06,986
2022-05-30,693
2022-05-23,802
2022-05-16,848
2022-05-09,933
2022-05-02,828
2022-04-25,845
2022-04-18,667
2022-04-11,690
2022-04-04,751
2022-03-28,709
2022-03-21,677
2022-03-14,719
2022-03-07,611
2022-02-28,750
2022-02-21,375
2022-02-14,478
2022-02-07,433
2022-01-31,462
2022-01-24,432
2022-01-17,293
2022-01-10,236
2022-01-03,180
2021-12-27,12
2021-12-20,150
2021-12-13,201
2021-12-06,237
2021-11-29,204
2021-11-22,71
2021-11-15,184
2021-11-08,118
2021-11-01,141
2021-10-25,168
2021-10-18,166
2021-10-11,88
2021-10-04,107
2021-09-27,90
2021-09-20,88
2021-09-13,77
2021-09-06,47
2021-08-30,189
2021-08-23,142
2021-08-16,184
2021-08-09,112
2021-08-02,107
2021-07-26,104
2021-07-19,80
2021-07-12,113
2021-07-05,71
2021-06-28,53
2021-06-21,132
2021-06-14,91
2021-06-07,99
2021-05-31,85
2021-05-24,87
2021-05-17,97
2021-05-10,58
2021-05-03,82
2021-04-26,75
2021-04-19,64
2021-04-12,68
2021-04-05,52
2021-03-29,59
2021-03-22,37
2021-03-15,30
2021-03-08,25
2021-03-01,16
2021-02-22,9
2021-02-15,3
2021-02-08,3
2021-02-01,4
2021-01-25,7
2021-01-18,2
2021-01-11,5
2021-01-04,3
2020-12-28,12
2020-12-21,81
2020-12-14,66
2020-12-07,85
2020-11-30,64
2020-11-23,24
2020-11-16,90
2020-11-09,26
2020-11-02,34
2020-10-26,30
2020-10-19,7
2020-10-12,6
2020-10-05,2
2020-09-28,4
2020-09-14,1
2020-09-07,4
2020-08-17,1
2020-07-27,4
2000-07-10,1
