count,category
29,Outside NYC.Issued Pandemic.All.Holdover
26,Outside NYC.Issued Prepandemic.All.Holdover
934,NYC.Issued Pandemic.Commercial.Holdover
189,NYC.Issued Prepandemic.Commercial.Holdover
62,Outside NYC.Issued Pandemic.Commercial.Holdover
23077,NYC.Issued Pandemic.Residential.Holdover
1816,NYC.Issued Prepandemic.Residential.Holdover
1467,Outside NYC.Issued Pandemic.Residential.Holdover
49,Outside NYC.Issued Pandemic.All.Non-Payment
198,Outside NYC.Issued Prepandemic.All.Non-Payment
6378,NYC.Issued Pandemic.Commercial.Non-Payment
415,NYC.Issued Prepandemic.Commercial.Non-Payment
165,Outside NYC.Issued Pandemic.Commercial.Non-Payment
145098,NYC.Issued Pandemic.Residential.Non-Payment
13942,NYC.Issued Prepandemic.Residential.Non-Payment
5592,Outside NYC.Issued Pandemic.Residential.Non-Payment
